top_500_rank,title,author,pub_year,orig_lang,genre,author_birth,author_death,author_gender,author_primary_lang,author_nationality,author_field_of_activity,author_occupation,oclc_holdings,oclc_eholdings,oclc_total_editions,oclc_holdings_rank,oclc_editions_rank,gr_avg_rating,gr_num_ratings,gr_num_reviews,gr_avg_rating_rank,gr_num_ratings_rank,oclc_owi,author_viaf,gr_url,wiki_url,pg_eng_url,pg_orig_url,year,week,rank,title_id,nyt_title,novel_length_chars,novel_length_words,mentions_she,he_counts,she_counts,they_counts,pg_book_id,pub_date
1,Don Quixote,Miguel de Cervantes,1605,Spanish,action,1547,1616,male,spa,ES,,"soldiers,poets spanish,novelists spanish,dramatists spanish,authors spanish",30840.0,4992.0,9017.0,9.0,1.0,3.9,"269,435","12,053",318,211,1810748013.0,17220427,https://www.goodreads.com/book/show/3836.Don_Quixote?from_search=true&from_srp=true&qid=Npjwg6DCCM&rank=1,https://en.wikipedia.org/wiki/Don_Quixote,https://www.gutenberg.org/cache/epub/996/pg996.txt,https://www.gutenberg.org/cache/epub/2000/pg2000.txt,,,,,,2361875.0,430284.0,True,5760.0,1152.0,2507.0,996,1605-01-01
2,Alice's Adventures in Wonderland,Lewis Carroll,1865,English,fantasy,1832,1898,male,eng,GB,"writing,teaching,photography,mathematics","authors,teachers,photographers,mathematicians",24125.0,6698.0,2694.0,18.0,33.0,4.06,"561,016","15,380",172,133,11561315216.0,66462036,https://www.goodreads.com/book/show/24213.Alice_s_Adventures_in_Wonderland_Through_the_Looking_Glass?from_search=true&from_srp=true&qid=rbCacLxvKx&rank=1,https://en.wikipedia.org/wiki/Alice%27s_Adventures_in_Wonderland,https://www.gutenberg.org/cache/epub/11/pg11.txt,,,,,,,167713.0,29569.0,True,104.0,510.0,132.0,11,1865-01-01
3,The Adventures of Huckleberry Finn,Mark Twain,1884,English,action,1835,1910,male,eng,US,"wit and humor,literature,humor","lecturers,humorists,authors",32602.0,11783.0,4119.0,6.0,6.0,3.83,"1,262,480","19,440",373,68,3373177738.0,50566653,https://www.goodreads.com/book/show/2956.The_Adventures_of_Huckleberry_Finn?from_search=true&from_srp=true&qid=lTplsbK1Jk&rank=2,https://en.wikipedia.org/wiki/Adventures_of_Huckleberry_Finn,https://www.gutenberg.org/cache/epub/76/pg76.txt,,,,,,,,,False,,,,76,1884-01-01
4,The Adventures of Tom Sawyer,Mark Twain,1876,English,action,1835,1910,male,eng,US,"wit and humor,literature,humor","lecturers,humorists,authors",32602.0,11783.0,4119.0,7.0,7.0,3.92,"931,898","13,603",301,88,3373177738.0,50566653,https://www.goodreads.com/book/show/24583.The_Adventures_of_Tom_Sawyer?from_search=true&from_srp=true&qid=9VcOB7x62W&rank=1,https://en.wikipedia.org/wiki/The_Adventures_of_Tom_Sawyer,https://www.gutenberg.org/cache/epub/74/pg74.txt,,,,,,,421361.0,73849.0,True,927.0,313.0,462.0,74,1876-01-01
5,Treasure Island,Robert Louis Stevenson,1883,English,action,1850,1894,male,eng,GB,,"travel writers,poets,novelists",37702.0,14286.0,5555.0,1.0,2.0,3.84,"486,155","16,307",368,145,3434.0,95207986,https://www.goodreads.com/book/show/295.Treasure_Island?from_search=true&from_srp=true&qid=iUWx7VMfKk&rank=1,https://en.wikipedia.org/wiki/Treasure_Island,https://www.gutenberg.org/cache/epub/120/pg120.txt,,,,,,,391658.0,71671.0,True,811.0,69.0,210.0,120,1883-01-01
6,Pride and Prejudice,Jane Austen,1813,English,romance,1775,1817,female,eng,GB,"fiction,novels","novelists,authors",36023.0,15545.0,4889.0,2.0,3.0,4.29,"4,239,555","113,241",34,8,1881837462.0,102333412,https://www.goodreads.com/book/show/1885.Pride_and_Prejudice?from_search=true&from_srp=true&qid=YfouvjieOf&rank=1,https://en.wikipedia.org/wiki/Pride_and_Prejudice,https://www.gutenberg.org/cache/epub/1342/pg1342.txt,,,,,,,763083.0,130415.0,True,1112.0,1408.0,483.0,1342,1813-01-01
7,Wuthering Heights,Emily Brontë,1847,English,na,1818,1848,female,eng,GB,"novels,fiction","poets,novelists",33337.0,11972.0,3933.0,5.0,11.0,3.89,"1,793,015","61,175",326,46,49739.0,97097302,https://www.goodreads.com/book/show/6185.Wuthering_Heights?from_search=true&from_srp=true&qid=Ls52Sag11l&rank=1,https://en.wikipedia.org/wiki/Wuthering_Heights,https://www.gutenberg.org/cache/epub/768/pg768.txt,,,,,,,677618.0,118978.0,True,1709.0,1135.0,252.0,768,1847-01-01
8,Jane Eyre,Charlotte Brontë,1847,English,romance,1816,1855,female,eng,GB,"poetry,novels","poets,novelists,governesses",34599.0,10607.0,4552.0,4.0,5.0,4.15,"2,084,999","64,277",99,40,3503.0,71388025,https://www.goodreads.com/book/show/10210.Jane_Eyre?from_search=true&from_srp=true&qid=69NNTGE2Ph&rank=1,https://en.wikipedia.org/wiki/Jane_Eyre,https://www.gutenberg.org/cache/epub/1260/pg1260.txt,,,,,,,1063116.0,188435.0,True,1520.0,1236.0,442.0,1260,1847-01-01
9,Moby Dick,Herman Melville,1851,English,na,1819,1891,male,eng,US,"short stories,sea fiction,poetry,novels","short story writer,customs inspector,teachers,sailors,poets,novelists,lecturers",31460.0,10137.0,3672.0,8.0,19.0,3.54,"557,743","22,513",481,134,2453386250.0,27068555,https://www.goodreads.com/book/show/153747.Moby_Dick_or_The_Whale?ref=nav_sb_ss_1_9,https://en.wikipedia.org/wiki/Moby-Dick,https://www.gutenberg.org/cache/epub/2701/pg2701.txt,,,,,,,1260594.0,215845.0,True,1665.0,104.0,589.0,2701,1851-01-01
10,The Scarlet Letter,Nathaniel Hawthorne,1850,English,na,1804,1864,male,eng,US,,"novelists,authors",27927.0,12713.0,2916.0,14.0,27.0,3.43,"862,399","20,214",493,95,3277.0,44435463,https://www.goodreads.com/book/show/12296.The_Scarlet_Letter?ref=nav_sb_ss_1_18,https://en.wikipedia.org/wiki/The_Scarlet_Letter,https://www.gutenberg.org/cache/epub/25344/pg25344.txt,,,,,,,520600.0,86883.0,True,532.0,405.0,193.0,25344,1850-01-01
11,Gulliver's Travels,Jonathan Swift,1726,English,fantasy,1667,1745,male,eng,IE,"satirical literature,satire,poetry,fiction,essays","satirists,poets,essayists,authors",23054.0,8261.0,2574.0,25.0,35.0,3.58,"272,891","7,528",477,208,11699989898.0,14777110,https://www.goodreads.com/book/show/7733.Gulliver_s_Travels?ref=nav_sb_ss_1_18,https://en.wikipedia.org/wiki/Gulliver%27s_Travels,https://www.gutenberg.org/cache/epub/829/pg829.txt,,,,,,,611782.0,108140.0,True,665.0,92.0,591.0,829,1726-01-01
12,The Pilgrim's Progress,John Bunyan,1678,English,allegories,1628,1688,male,eng,GB,,"preacher,author",21524.0,7208.0,3498.0,28.0,21.0,4.05,"137,395","4,644",177,278,49066516.0,71388170,https://www.goodreads.com/book/show/29797.The_Pilgrim_s_Progress?from_search=true&from_srp=true&qid=3nXmE324BM&rank=1,https://en.wikipedia.org/wiki/The_Pilgrim%27s_Progress,https://www.gutenberg.org/cache/epub/131/pg131.txt,,,,,,,331406.0,61132.0,True,952.0,37.0,707.0,131,1678-01-01
13,A Christmas Carol,Charles Dickens,1843,English,na,1812,1870,male,eng,GB,english literature,"authors english,writers,novelists",25567.0,12115.0,4096.0,16.0,8.0,4.08,"838,828","31,968",157,98,2829857639.0,88666393,https://www.goodreads.com/book/show/5326.A_Christmas_Carol?from_search=true&from_srp=true&qid=PC8NRaRnFL&rank=1,https://en.wikipedia.org/wiki/A_Christmas_Carol,https://www.gutenberg.org/cache/epub/46/pg46.txt,,,,,,,182146.0,31616.0,True,382.0,45.0,146.0,46,1843-01-01
14,David Copperfield,Charles Dickens,1850,English,bildung,1812,1870,male,eng,GB,english literature,"authors english,writers,novelists",28144.0,10044.0,3683.0,11.0,16.0,4.03,"237,403","9,833",194,228,2487779497.0,88666393,https://www.goodreads.com/book/show/58696.David_Copperfield?from_search=true&from_srp=true&qid=SqkF9mVGUk&rank=1,https://en.wikipedia.org/wiki/David_Copperfield,https://www.gutenberg.org/cache/epub/766/pg766.txt,,,,,,,1992716.0,357867.0,True,2919.0,2256.0,634.0,766,1850-01-01
15,A Tale of Two Cities,Charles Dickens,1859,English,history,1812,1870,male,eng,GB,english literature,"authors english,writers,novelists",28144.0,10044.0,3683.0,12.0,17.0,3.87,"943,466","23,243",342,86,2487779497.0,88666393,https://www.goodreads.com/book/show/1953.A_Tale_of_Two_Cities?ref=nav_sb_ss_1_20,https://en.wikipedia.org/wiki/A_Tale_of_Two_Cities,https://www.gutenberg.org/cache/epub/98/pg98.txt,,,,,,,793196.0,138934.0,True,1458.0,337.0,459.0,98,1859-01-01
16,Little Women,Louisa May Alcott,1868,English,na,1832,1888,female,eng,US,"short stories,poetry,novels,fiction","authors,poets,novelists",28866.0,8889.0,3155.0,10.0,25.0,4.15,"2,218,654","50,769",100,38,1862339708.0,29528997,https://www.goodreads.com/book/show/1934.Little_Women?from_search=true&from_srp=true&qid=KL7XlkIgEY&rank=1,https://en.wikipedia.org/wiki/Little_Women,https://www.gutenberg.org/cache/epub/37106/pg37106.txt,,,,,,,1113276.0,195629.0,True,1381.0,2076.0,630.0,37106,1868-01-01
17,Great Expectations,Charles Dickens,1861,English,bildung,1812,1870,male,eng,GB,english literature,"authors english,writers,novelists",28144.0,10044.0,3683.0,13.0,18.0,3.79,"798,588","21,978",397,103,2487779497.0,88666393,https://www.goodreads.com/book/show/2623.Great_Expectations?ref=nav_sb_ss_1_18,https://en.wikipedia.org/wiki/Great_Expectations,https://www.gutenberg.org/cache/epub/1400/pg1400.txt,,,,,,,1034709.0,187515.0,True,1918.0,756.0,316.0,1400,1861-01-01
18,"The Hobbit, or, There and Back Again",J.R.R. Tolkien,1937,English,fantasy,1892,1973,male,eng,GB,"poetry,philology,novels,fiction,fantasy fiction,english literature,education higher","poets,philologists,novelists,college teachers,authors",19117.0,702.0,717.0,35.0,196.0,4.29,"3,941,429","70,212",35,10,4061664585.0,95218067,https://www.goodreads.com/book/show/437049.The_Hobbit_or_There_and_Back_Again?from_search=true&from_srp=true&qid=O4psAw3Arv&rank=1,https://en.wikipedia.org/wiki/The_Hobbit,NA_not-pub-domain,,,,,,,,,False,,,,,1937-01-01
19,"Frankenstein, or, the Modern Prometheus",Mary Shelley,1818,English,horror,1797,1851,female,eng,GB,literature,"authors,writers",27338.0,10280.0,2777.0,15.0,31.0,3.87,"1,585,172","61,660",343,54,2031724957.0,6293,https://www.goodreads.com/book/show/18488.Frankenstein_or_the_Modern_Prometheus?ref=nav_sb_ss_1_39,https://en.wikipedia.org/wiki/Frankenstein,https://www.gutenberg.org/cache/epub/84/pg84.txt,,,,,,,446583.0,78106.0,True,478.0,183.0,174.0,84,1818-01-01
20,Oliver Twist,Charles Dickens,1838,English,bildung,1812,1870,male,eng,GB,english literature,"authors english,writers,novelists",25567.0,12115.0,4096.0,17.0,9.0,3.88,"386,350","10,633",331,169,2829857639.0,88666393,https://www.goodreads.com/book/show/18254.Oliver_Twist?ref=nav_sb_ss_1_12,https://en.wikipedia.org/wiki/Oliver_Twist,https://www.gutenberg.org/cache/epub/730/pg730.txt,,,,,,,931658.0,161010.0,True,2069.0,478.0,590.0,730,1838-01-01
21,Uncle Tom's Cabin,Harriet Beecher Stowe,1852,English,political,1811,1896,female,eng,US,"fiction,authorship,antislavery movements","authors,novelists,abolitionists",23785.0,11286.0,3644.0,21.0,20.0,3.9,"226,482","9,800",319,230,8104.0,32003151,https://www.goodreads.com/book/show/46787.Uncle_Tom_s_Cabin?ref=nav_sb_ss_1_17,https://en.wikipedia.org/wiki/Uncle_Tom%27s_Cabin,https://www.gutenberg.org/cache/epub/203/pg203.txt,,,,,,,1046690.0,183968.0,True,1860.0,1202.0,632.0,203,1852-01-01
22,Crime and Punishment,Fyodor Dostoyevsky,1866,Russian,na,1821,1881,male,rus,RU,"short stories,philosophy,fiction,essays","philosophers,novelists,essayists,psychologists",15747.0,5814.0,948.0,65.0,157.0,4.27,"894,492","35,710",43,94,9936737327.0,104023256,https://www.goodreads.com/book/show/7144.Crime_and_Punishment?ref=nav_sb_ss_1_20,https://en.wikipedia.org/wiki/Crime_and_Punishment,https://www.gutenberg.org/cache/epub/2554/pg2554.txt,unavailable,,,,,,1176912.0,206549.0,True,3633.0,1250.0,601.0,2554,1866-01-01
23,Madame Bovary: Patterns of Provincial life,Gustave Flaubert,1857,French,na,1821,1880,male,fre,FR,,authors,18577.0,5360.0,1246.0,39.0,118.0,3.7,"332,461","16,153",435,182,12392760730.0,9846192,https://www.goodreads.com/book/show/357469.Madame_Bovary?ref=nav_sb_ss_1_42,https://en.wikipedia.org/wiki/Madame_Bovary,https://www.gutenberg.org/cache/epub/2413/pg2413.txt,https://www.gutenberg.org/cache/epub/14155/pg14155.txt,,,,,,685270.0,118697.0,True,1607.0,1385.0,395.0,2413,1857-01-01
24,The Return of the King,J.R.R. Tolkien,1955,English,fantasy,1892,1973,male,eng,GB,"poetry,philology,novels,fiction,fantasy fiction,english literature,education higher","poets,philologists,novelists,college teachers,authors",5828.0,232.0,189.0,462.0,414.0,4.56,"896,361","18,133",5,93,5319434652.0,95218067,https://www.goodreads.com/book/show/61215384-the-return-of-the-king?ref=nav_sb_ss_1_22,https://en.wikipedia.org/wiki/The_Return_of_the_King,NA_not-pub-domain,,,,,,,,,False,,,,,1955-01-01
25,Dracula,Bram Stoker,1897,English,na,1847,1912,male,eng,IE,,"business manager,novelist",21540.0,13875.0,2518.0,27.0,38.0,4.01,"1,266,607","45,632",211,67,9577.0,17229847,https://www.goodreads.com/book/show/17245.Dracula?ref=nav_sb_ss_1_7,https://en.wikipedia.org/wiki/Dracula,https://www.gutenberg.org/cache/epub/345/pg345.txt,,,,,,,881061.0,164356.0,True,1996.0,643.0,372.0,345,1897-01-01
26,The Three Musketeers,Alexandre Dumas,1844,French,history,1802,1870,male,fre,FR,,"author,novelist,dramatist,novelists,dramatists,authors",23943.0,6822.0,4028.0,20.0,10.0,4.09,"320,932","9,380",144,186,11436960313.0,51688902,https://www.goodreads.com/book/show/7190.The_Three_Musketeers?ref=nav_sb_ss_1_20,https://en.wikipedia.org/wiki/The_Three_Musketeers,https://www.gutenberg.org/cache/epub/1257/pg1257.txt,https://www.gutenberg.org/cache/epub/13951/pg13951.txt,,,,,,1348860.0,232484.0,True,2696.0,982.0,589.0,1257,1844-01-01
27,Brave New World,Aldous Huxley,1932,English,na,1894,1963,male,eng,GB,,authors,14646.0,702.0,1439.0,85.0,101.0,3.99,"1,843,997","47,130",233,43,1806921828.0,71392434,https://www.goodreads.com/book/show/5129.Brave_New_World?ref=nav_sb_ss_1_15,https://en.wikipedia.org/wiki/Brave_New_World,NA_not-pub-domain,,,,,,,,,False,,,,,1932-01-01
28,War and Peace,Leo Tolstoy,1869,Russian,history,1828,1910,male,rus,RU,"philosophy and religion,literature","authors,writers",11222.0,2470.0,620.0,144.0,214.0,4.16,"326,220","17,136",89,183,11336963884.0,96987389,https://www.goodreads.com/book/show/656.War_and_Peace?ref=nav_sb_ss_1_13,https://en.wikipedia.org/wiki/War_and_Peace,https://www.gutenberg.org/cache/epub/2600/pg2600.txt,unavailable,,,,,,3293656.0,566333.0,True,8140.0,2735.0,1787.0,2600,1869-01-01
29,To Kill a Mockingbird,Harper Lee,1960,English,na,1926,2016,female,eng,US,"novels,fiction",novelists,21870.0,414.0,1115.0,26.0,139.0,4.26,"6,080,747","116,479",48,4,181435.0,12431460,https://www.goodreads.com/book/show/2657.To_Kill_a_Mockingbird?ref=nav_sb_ss_1_21,https://en.wikipedia.org/wiki/To_Kill_a_Mockingbird,NA_not-pub-domain,,,,,,,,,False,,,,,1960-01-01
30,The Wizard of Oz,L. Frank Baum,1900,English,fantasy,1856,1919,male,eng,US,,,9678.0,5067.0,1163.0,190.0,131.0,4.0,"451,144","17,204",223,152,3980332625.0,4926394,https://www.goodreads.com/book/show/236093.The_Wonderful_Wizard_of_Oz?ref=nav_sb_ss_1_16,https://en.wikipedia.org/wiki/The_Wonderful_Wizard_of_Oz,https://www.gutenberg.org/cache/epub/55/pg55.txt,,,,,,,232243.0,42692.0,True,413.0,342.0,334.0,55,1900-01-01
31,Les Misérables,Victor Hugo,1862,French,na,1802,1885,male,fre,FR,,authors french,23444.0,5909.0,3183.0,22.0,24.0,4.2,"794,697","22,665",69,104,37574.0,9847974,https://www.goodreads.com/book/show/24280.Les_Mis_rables?ref=nav_sb_ss_1_14,https://en.wikipedia.org/wiki/Les_Mis%C3%A9rables,https://www.gutenberg.org/cache/epub/135/pg135.txt,https://www.gutenberg.org/cache/epub/17489/pg17489.txt ; https://www.gutenberg.org/cache/epub/17493/pg17493.txt ; https://www.gutenberg.org/cache/epub/17494/pg17494.txt ; https://www.gutenberg.org/cache/epub/17518/pg17518.txt ; https://www.gutenberg.org/cache/epub/17519/pg17519.txt,,,,,,3324283.0,568652.0,True,6815.0,1671.0,1469.0,135,1862-01-01
32,The Secret Garden,Frances Hodgson Burnett,1911,English,na,1849,1924,female,eng,GB,,"novelists,authors",16799.0,5751.0,1801.0,59.0,68.0,4.16,"1,162,708","28,154",90,75,6131.0,27061925,https://www.goodreads.com/book/show/2998.The_Secret_Garden?ref=nav_sb_ss_1_17,https://en.wikipedia.org/wiki/The_Secret_Garden,https://www.gutenberg.org/cache/epub/17396/pg17396.txt,,,,,,,461907.0,84059.0,True,1453.0,1363.0,366.0,17396,1911-01-01
33,Animal Farm,George Orwell,1945,English,political,1903,1950,male,eng,GB,fiction,"novelists,authors",21494.0,1148.0,2468.0,29.0,40.0,3.99,"3,853,020","94,736",234,12,259236.0,95155403,https://www.goodreads.com/book/show/170448.Animal_Farm?ref=nav_sb_ss_1_11,https://en.wikipedia.org/wiki/Animal_Farm,NA_not-pub-domain,,,,,,,,,False,,,,,1945-01-01
34,The Great Gatsby,F. Scott Fitzgerald,1925,English,na,1896,1940,male,eng,US,"fiction,short stories,novels","novelists,authors",23406.0,2873.0,2228.0,23.0,46.0,3.93,"5,198,202","103,746",298,5,85201.0,100254195,https://www.goodreads.com/book/show/4671.The_Great_Gatsby?ref=nav_sb_ss_1_16,https://en.wikipedia.org/wiki/The_Great_Gatsby,https://www.gutenberg.org/cache/epub/64317/pg64317.txt,,,,,,,296900.0,51262.0,True,613.0,291.0,119.0,64317,1925-01-01
35,The Little Prince,Antoine de Saint-Exupéry,1943,English,na,1900,1944,male,fre,FR,"fiction,essays,childrens literature,autobiography","novelists,essayists,air pilots",15631.0,1009.0,3301.0,67.0,22.0,4.32,"2,095,592","66,986",28,39,475161882.0,93810507,https://www.goodreads.com/book/show/157993.The_Little_Prince?ref=nav_sb_ss_1_17,https://en.wikipedia.org/wiki/The_Little_Prince,NA_not-pub-domain,,,,,,,,,False,,,,,1943-01-01
36,The Call of the Wild,Jack London,1903,English,action,1876,1916,male,eng,US,,"novelists american,authors american",18081.0,7967.0,2062.0,44.0,49.0,3.9,"426,724","15,327",320,160,2242253940.0,46764200,https://www.goodreads.com/book/show/1852.The_Call_of_the_Wild?ref=nav_sb_ss_1_20,https://en.wikipedia.org/wiki/The_Call_of_the_Wild,https://www.gutenberg.org/cache/epub/215/pg215.txt,,,,,,,198370.0,34876.0,True,622.0,24.0,215.0,215,1903-01-01
37,"20,000 Leagues Under the Sea",Jules Verne,1870,French,scifi,1828,1905,male,fre,FR,"drama,voyages imaginary,science fiction,poetry,novels,action and adventure fiction","poets,novelists,authors french,playwrights",19018.0,10711.0,2844.0,36.0,29.0,3.89,"11,238",716,327,481,4915442756.0,76323989,https://www.goodreads.com/book/show/15762322-20-000-leagues-under-the-sea-and-other-classic-novels?ref=nav_sb_ss_1_28,https://en.wikipedia.org/wiki/Twenty_Thousand_Leagues_Under_the_Seas,https://www.gutenberg.org/cache/epub/164/pg164.txt,https://www.gutenberg.org/cache/epub/5097/pg5097.txt,,,,,,630047.0,107726.0,True,446.0,40.0,240.0,164,1870-01-01
38,Anna Karenina,Leo Tolstoy,1878,Russian,romance,1828,1910,male,rus,RU,"philosophy and religion,literature","authors,writers",23393.0,7096.0,2915.0,24.0,28.0,4.09,"843,157","35,039",145,97,509824227.0,96987389,https://www.goodreads.com/book/show/15823480-anna-karenina?ref=nav_sb_ss_1_13,https://en.wikipedia.org/wiki/Anna_Karenina,https://www.gutenberg.org/cache/epub/1399/pg1399.txt,unavailable,,,,,,2024318.0,352805.0,True,6508.0,3513.0,998.0,1399,1878-01-01
39,The Wind in the Willows,Kenneth Grahame,1908,English,fantasy,1859,1932,male,eng,GB,childrens literature,author,17564.0,5592.0,1874.0,53.0,66.0,4.01,"216,887","9,012",212,232,87688.0,36919188,https://www.goodreads.com/book/show/5659.The_Wind_in_the_Willows?ref=nav_sb_ss_1_23,https://en.wikipedia.org/wiki/The_Wind_in_the_Willows,https://www.gutenberg.org/cache/epub/289/pg289.txt,,,,,,,350645.0,61474.0,True,904.0,48.0,318.0,289,1908-01-01
40,The Picture of Dorian Gray,Oscar Wilde,1890,English,na,1854,1900,male,eng,IE,literature,"poets,novelists,dramatists,critics",18146.0,11362.0,2715.0,42.0,32.0,4.12,"1,518,854","68,658",123,57,4919760405.0,34464414,https://www.goodreads.com/book/show/5297.The_Picture_of_Dorian_Gray?ref=nav_sb_ss_1_26,https://en.wikipedia.org/wiki/The_Picture_of_Dorian_Gray,https://www.gutenberg.org/cache/epub/174/pg174.txt,,,,,,,457568.0,82029.0,True,1045.0,273.0,192.0,174,1890-01-01
41,The Grapes of Wrath,John Steinbeck,1939,English,na,1902,1968,male,eng,US,literature,authors,19861.0,583.0,1497.0,32.0,91.0,4.01,"902,261","23,772",213,91,4140851160.0,96992551,https://www.goodreads.com/book/show/18114322-the-grapes-of-wrath?ref=nav_sb_ss_1_19,https://en.wikipedia.org/wiki/The_Grapes_of_Wrath,https://www.gutenberg.org/cache/epub/46787/pg46787.txt,,,,,,,344804.0,60066.0,True,518.0,13.0,388.0,46787,1939-01-01
42,Sense and Sensibility,Jane Austen,1811,English,romance,1775,1817,female,eng,GB,"fiction,novels","novelists,authors",17906.0,9986.0,1972.0,47.0,56.0,4.08,"1,184,039","26,962",158,74,3373323889.0,102333412,https://www.goodreads.com/book/show/14935.Sense_and_Sensibility?ref=nav_sb_ss_1_21,https://en.wikipedia.org/wiki/Sense_and_Sensibility,https://www.gutenberg.org/cache/epub/161/pg161.txt,,,,,,,703003.0,121894.0,True,906.0,1334.0,430.0,161,1811-01-01
43,The Last of the Mohicans,James Fenimore Cooper,1826,English,history,1789,1851,male,eng,US,,author,14506.0,5032.0,2290.0,87.0,45.0,3.7,"97,745","3,254",436,322,388572.0,27062769,https://www.goodreads.com/book/show/38296.The_Last_of_the_Mohicans?ref=nav_sb_ss_1_24,https://en.wikipedia.org/wiki/The_Last_of_the_Mohicans,https://www.gutenberg.org/cache/epub/940/pg940.txt,,,,,,,881381.0,151499.0,True,1614.0,134.0,669.0,940,1826-01-01
44,Tess of the d'Urbervilles,Thomas Hardy,1891,English,na,1840,1928,male,eng,GB,english literature,writers,18773.0,8213.0,2040.0,38.0,53.0,3.83,"282,350","11,666",374,203,2044358356.0,54148778,https://www.goodreads.com/book/show/32261.Tess_of_the_D_Urbervilles?ref=nav_sb_ss_1_25,https://en.wikipedia.org/wiki/Tess_of_the_d%27Urbervilles,https://www.gutenberg.org/cache/epub/110/pg110.txt,,,,,,,878188.0,153103.0,True,1449.0,1775.0,709.0,110,1891-01-01
45,Harry Potter and the Sorcerer's Stone,J.K. Rowling,1997,English,fantasy,1965,ALIVE,female,eng,GB,"young adult fiction,young adult fantasy,fantasy fiction,fantasy,novels","novelists,authors,writers",20745.0,1067.0,997.0,30.0,154.0,4.47,"9,977,698","160,913",9,1,298916.0,116796842,https://www.goodreads.com/book/show/42844155-harry-potter-and-the-sorcerer-s-stone?ref=nav_sb_ss_1_37,https://en.wikipedia.org/wiki/Harry_Potter_and_the_Philosopher%27s_Stone,NA_not-pub-domain,,,,,,,,,False,,,,,1997-01-01
46,Heidi,Johanna Spyri,1880,English,na,1827,1901,female,ger,CH,,novelists,16581.0,4607.0,2393.0,63.0,41.0,4.02,"198,602","6,119",198,239,481118.0,76323123,https://www.goodreads.com/book/show/93.Heidi?ref=nav_sb_ss_1_5,https://en.wikipedia.org/wiki/Heidi,https://www.gutenberg.org/cache/epub/20781/pg20781.txt,,,,,,,311001.0,54687.0,True,498.0,662.0,212.0,20781,1880-01-01
47,Ulysses,James Joyce,1922,English,na,1882,1941,male,eng,IE,"short stories,novels",novelists,17773.0,1352.0,1955.0,49.0,57.0,3.75,"127,499","9,351",421,289,395796.0,44300643,https://www.goodreads.com/book/show/338798.Ulysses?ref=nav_sb_ss_1_7,https://en.wikipedia.org/wiki/Ulysses_(novel),https://www.gutenberg.org/cache/epub/4300/pg4300.txt,,1934.0,1934-02-05,6.0,7041.0,ULYSSES,1572179.0,268091.0,True,2970.0,832.0,802.0,4300,1922-01-01
47,Ulysses,James Joyce,1922,English,na,1882,1941,male,eng,IE,"short stories,novels",novelists,17773.0,1352.0,1955.0,49.0,57.0,3.75,"127,499","9,351",421,289,395796.0,44300643,https://www.goodreads.com/book/show/338798.Ulysses?ref=nav_sb_ss_1_7,https://en.wikipedia.org/wiki/Ulysses_(novel),https://www.gutenberg.org/cache/epub/4300/pg4300.txt,,1934.0,1934-02-12,2.0,7041.0,ULYSSES,1572179.0,268091.0,True,2970.0,832.0,802.0,4300,1922-01-01
47,Ulysses,James Joyce,1922,English,na,1882,1941,male,eng,IE,"short stories,novels",novelists,17773.0,1352.0,1955.0,49.0,57.0,3.75,"127,499","9,351",421,289,395796.0,44300643,https://www.goodreads.com/book/show/338798.Ulysses?ref=nav_sb_ss_1_7,https://en.wikipedia.org/wiki/Ulysses_(novel),https://www.gutenberg.org/cache/epub/4300/pg4300.txt,,1934.0,1934-02-19,6.0,7041.0,ULYSSES,1572179.0,268091.0,True,2970.0,832.0,802.0,4300,1922-01-01
47,Ulysses,James Joyce,1922,English,na,1882,1941,male,eng,IE,"short stories,novels",novelists,17773.0,1352.0,1955.0,49.0,57.0,3.75,"127,499","9,351",421,289,395796.0,44300643,https://www.goodreads.com/book/show/338798.Ulysses?ref=nav_sb_ss_1_7,https://en.wikipedia.org/wiki/Ulysses_(novel),https://www.gutenberg.org/cache/epub/4300/pg4300.txt,,1934.0,1934-02-26,3.0,7041.0,ULYSSES,1572179.0,268091.0,True,2970.0,832.0,802.0,4300,1922-01-01
47,Ulysses,James Joyce,1922,English,na,1882,1941,male,eng,IE,"short stories,novels",novelists,17773.0,1352.0,1955.0,49.0,57.0,3.75,"127,499","9,351",421,289,395796.0,44300643,https://www.goodreads.com/book/show/338798.Ulysses?ref=nav_sb_ss_1_7,https://en.wikipedia.org/wiki/Ulysses_(novel),https://www.gutenberg.org/cache/epub/4300/pg4300.txt,,1934.0,1934-03-05,4.0,7041.0,ULYSSES,1572179.0,268091.0,True,2970.0,832.0,802.0,4300,1922-01-01
47,Ulysses,James Joyce,1922,English,na,1882,1941,male,eng,IE,"short stories,novels",novelists,17773.0,1352.0,1955.0,49.0,57.0,3.75,"127,499","9,351",421,289,395796.0,44300643,https://www.goodreads.com/book/show/338798.Ulysses?ref=nav_sb_ss_1_7,https://en.wikipedia.org/wiki/Ulysses_(novel),https://www.gutenberg.org/cache/epub/4300/pg4300.txt,,1934.0,1934-03-12,6.0,7041.0,ULYSSES,1572179.0,268091.0,True,2970.0,832.0,802.0,4300,1922-01-01
47,Ulysses,James Joyce,1922,English,na,1882,1941,male,eng,IE,"short stories,novels",novelists,17773.0,1352.0,1955.0,49.0,57.0,3.75,"127,499","9,351",421,289,395796.0,44300643,https://www.goodreads.com/book/show/338798.Ulysses?ref=nav_sb_ss_1_7,https://en.wikipedia.org/wiki/Ulysses_(novel),https://www.gutenberg.org/cache/epub/4300/pg4300.txt,,1934.0,1934-03-19,4.0,7041.0,ULYSSES,1572179.0,268091.0,True,2970.0,832.0,802.0,4300,1922-01-01
47,Ulysses,James Joyce,1922,English,na,1882,1941,male,eng,IE,"short stories,novels",novelists,17773.0,1352.0,1955.0,49.0,57.0,3.75,"127,499","9,351",421,289,395796.0,44300643,https://www.goodreads.com/book/show/338798.Ulysses?ref=nav_sb_ss_1_7,https://en.wikipedia.org/wiki/Ulysses_(novel),https://www.gutenberg.org/cache/epub/4300/pg4300.txt,,1934.0,1934-03-26,6.0,7041.0,ULYSSES,1572179.0,268091.0,True,2970.0,832.0,802.0,4300,1922-01-01
47,Ulysses,James Joyce,1922,English,na,1882,1941,male,eng,IE,"short stories,novels",novelists,17773.0,1352.0,1955.0,49.0,57.0,3.75,"127,499","9,351",421,289,395796.0,44300643,https://www.goodreads.com/book/show/338798.Ulysses?ref=nav_sb_ss_1_7,https://en.wikipedia.org/wiki/Ulysses_(novel),https://www.gutenberg.org/cache/epub/4300/pg4300.txt,,1934.0,1934-04-02,4.0,7041.0,ULYSSES,1572179.0,268091.0,True,2970.0,832.0,802.0,4300,1922-01-01
48,The Complete Sherlock Holmes,Arthur Conan Doyle,1930,English,mystery,1859,1930,male,eng,GB,"spiritualism,medicine,literature","spiritualists,physicians,authors english",5462.0,447.0,228.0,472.0,380.0,4.5,"198,572","4,893",6,240,3771209.0,65283845,https://www.goodreads.com/book/show/188572.The_Complete_Sherlock_Holmes?ref=nav_sb_ss_1_28,https://en.wikipedia.org/wiki/A_Study_in_Scarlet,https://www.gutenberg.org/cache/epub/244/pg244.txt,,,,,,,263857.0,46472.0,True,633.0,75.0,134.0,244,1930-01-01
49,The Count of Monte Cristo,Alexandre Dumas,1846,French,history,1802,1870,male,fre,FR,,"author,novelist,dramatist,novelists,dramatists,authors",16964.0,8717.0,2334.0,56.0,44.0,4.3,"908,474","31,025",33,90,596455.0,51688902,https://www.goodreads.com/book/show/7126.The_Count_of_Monte_Cristo?ref=nav_sb_ss_1_25,https://en.wikipedia.org/wiki/The_Count_of_Monte_Cristo,https://www.gutenberg.org/cache/epub/1184/pg1184.txt,https://www.gutenberg.org/cache/epub/17989/pg17989.txt ; https://www.gutenberg.org/cache/epub/17990/pg17990.txt ; https://www.gutenberg.org/cache/epub/17991/pg17991.txt ; https://www.gutenberg.org/cache/epub/17992/pg17992.txt,,,,,,2708331.0,464025.0,True,6038.0,1185.0,1136.0,1184,1846-01-01
50,The Old Man and the Sea,Ernest Hemingway,1952,English,allegories,1899,1961,male,eng,US,"short stories,novels,journalism,fiction","novelists,journalists",17642.0,609.0,2088.0,52.0,47.0,3.8,"1,139,566","39,222",391,77,3134277083.0,97006051,https://www.goodreads.com/book/show/2165.The_Old_Man_and_the_Sea?ref=nav_sb_ss_1_23,https://en.wikipedia.org/wiki/The_Old_Man_and_the_Sea,NA_not-pub-domain,,,,,,,,,False,,,,,1952-01-01
51,"The Lion, the Witch, and the Wardrobe",C.S. Lewis,1950,English,fantasy,1898,1963,male,eng,GB,"science fiction,novels,fiction,childrens literature","scholars,broadcasters,authors",17651.0,521.0,817.0,51.0,175.0,4.24,"2,780,127","32,995",52,29,587695.0,22144877,https://www.goodreads.com/book/show/100915.The_Lion_the_Witch_and_the_Wardrobe?ref=nav_sb_ss_1_37,"https://en.wikipedia.org/wiki/The_Lion,_the_Witch_and_the_Wardrobe",NA_not-pub-domain,,,,,,,,,False,,,,,1950-01-01
52,The Hunchback of Notre Dame,Victor Hugo,1831,French,history,1802,1885,male,fre,FR,,authors french,20030.0,7775.0,3086.0,31.0,26.0,4.01,"200,247","7,354",214,236,2829969855.0,9847974,https://www.goodreads.com/book/show/30597.The_Hunchback_of_Notre_Dame?ref=nav_sb_ss_1_27,https://en.wikipedia.org/wiki/The_Hunchback_of_Notre-Dame,https://www.gutenberg.org/cache/epub/2610/pg2610.txt,https://www.gutenberg.org/cache/epub/70891/pg70891.txt ; https://www.gutenberg.org/cache/epub/71445/pg71445.txt,,,,,,1212888.0,187639.0,True,1631.0,752.0,378.0,2610,1831-01-01
53,Pinocchio,Carlo Collodi,1883,Italian,na,1826,1890,male,ita,IT,,,5546.0,2606.0,395.0,469.0,280.0,3.85,"80,317","3,667",357,346,5145527583.0,24599845,https://www.goodreads.com/book/show/180617.Pinocchio?ref=nav_sb_ss_1_9,https://en.wikipedia.org/wiki/The_Adventures_of_Pinocchio,https://www.gutenberg.org/cache/epub/500/pg500.txt,https://www.gutenberg.org/cache/epub/52484/pg52484.txt,,,,,,239398.0,42946.0,True,729.0,42.0,165.0,500,1883-01-01
54,One Hundred Years of Solitude,Gabriel García Márquez,1967,Spanish,na,1927,2014,male,spa,CO,"magic realist fiction,magic realism literature,journalism,screenplays","novelists,journalists,authors",9508.0,112.0,273.0,201.0,349.0,4.11,"965,067","45,234",129,82,1414745865.0,54147956,https://www.goodreads.com/book/show/320.One_Hundred_Years_of_Solitude?ref=nav_sb_ss_1_29,https://en.wikipedia.org/wiki/One_Hundred_Years_of_Solitude,NA_not-pub-domain,unavailable,,,,,,,,False,,,,,1967-01-01
55,Ivanhoe,Walter Scott,1819,English,history,1771,1832,male,eng,GB,,"poet,novelist,historian,biographer",18279.0,9165.0,3861.0,40.0,12.0,3.76,"94,551","3,071",415,329,27789.0,95207079,https://www.goodreads.com/book/show/6440.Ivanhoe?ref=nav_sb_ss_1_7,https://en.wikipedia.org/wiki/Ivanhoe,https://www.gutenberg.org/cache/epub/82/pg82.txt,,,,,,,1144598.0,194683.0,True,1633.0,291.0,588.0,82,1819-01-01
56,The Red Badge of Courage,Stephen Crane,1895,English,history,1871,1900,male,eng,US,,,14572.0,6822.0,1125.0,86.0,137.0,3.29,"103,976","4,404",499,315,8372.0,100175928,https://www.goodreads.com/book/show/35220.The_Red_Badge_of_Courage_Annotated_Enriched_Classics_?ref=nav_sb_ss_1_24,https://en.wikipedia.org/wiki/The_Red_Badge_of_Courage,https://www.gutenberg.org/cache/epub/73/pg73.txt,,,,,,,283486.0,49167.0,True,919.0,8.0,243.0,73,1895-01-01
57,Anne of Green Gables,L.M. Montgomery,1908,English,na,1874,1942,female,eng,CA,"novels,fiction,childrens stories","novelists,authors",17732.0,4722.0,1475.0,50.0,96.0,4.31,"971,942","38,454",29,81,41512.0,30145542359096640697,https://www.goodreads.com/book/show/8127.Anne_of_Green_Gables?ref=nav_sb_ss_1_20,https://en.wikipedia.org/wiki/Anne_of_Green_Gables,https://www.gutenberg.org/cache/epub/45/pg45.txt,,,,,,,591613.0,105546.0,True,403.0,1194.0,250.0,45,1908-01-01
58,Black Beauty,Anna Sewell,1877,English,na,1820,1878,female,eng,GB,,novelists,13376.0,2685.0,1541.0,102.0,86.0,3.99,"277,174","6,704",235,204,6127.0,5052475,https://www.goodreads.com/book/show/3685.Black_Beauty?ref=nav_sb_ss_1_12,https://en.wikipedia.org/wiki/Black_Beauty,https://www.gutenberg.org/cache/epub/271/pg271.txt,,,,,,,329770.0,63015.0,True,969.0,231.0,292.0,271,1877-01-01
59,Peter Pan,J.M. Barrie,1911,English,fantasy,1860,1937,male,eng,GB,,"novelist,dramatist,author",10517.0,1311.0,725.0,156.0,191.0,4.04,"345,693","16,296",187,179,11033865788.0,64001320,https://www.goodreads.com/book/show/34268.Peter_Pan?ref=nav_sb_ss_1_9,https://en.wikipedia.org/wiki/Peter_and_Wendy,https://www.gutenberg.org/cache/epub/16/pg16.txt,,,,,,,281504.0,50305.0,True,879.0,476.0,476.0,16,1911-01-01
60,A Farewell to Arms,Ernest Hemingway,1929,English,war,1899,1961,male,eng,US,"short stories,novels,journalism,fiction","novelists,journalists",16995.0,474.0,1410.0,54.0,103.0,3.82,"320,119","13,881",383,187,3180.0,97006051,https://www.goodreads.com/book/show/10799.A_Farewell_to_Arms?ref=nav_sb_ss_1_18,https://en.wikipedia.org/wiki/A_Farewell_to_Arms,NA_not-pub-domain,,,,,,,,,False,,,,,1929-01-01
61,The House of the Seven Gables,Nathaniel Hawthorne,1851,English,na,1804,1864,male,eng,US,,"novelists,authors",14410.0,7043.0,1371.0,88.0,107.0,3.45,"39,746","2,861",490,410,265504.0,44435463,https://www.goodreads.com/book/show/90192.The_House_of_the_Seven_Gables?ref=nav_sb_ss_1_29,https://en.wikipedia.org/wiki/The_House_of_the_Seven_Gables,https://www.gutenberg.org/cache/epub/77/pg77.txt,,,,,,,641431.0,107929.0,True,671.0,418.0,214.0,77,1851-01-01
62,Lord of the Flies,William Golding,1954,English,na,1911,1993,male,eng,GB,,"poets,novelists,dramatists",16876.0,638.0,1233.0,58.0,119.0,3.69,"2,888,642","55,326",444,27,2517105304.0,89500102,https://www.goodreads.com/book/show/7624.Lord_of_the_Flies?ref=nav_sb_ss_1_17,https://en.wikipedia.org/wiki/Lord_of_the_Flies,NA_not-pub-domain,,,,,,,,,False,,,,,1954-01-01
63,The Prince and the Pauper,Mark Twain,1881,English,history,1835,1910,male,eng,US,"wit and humor,literature,humor","lecturers,humorists,authors",15409.0,7072.0,1654.0,74.0,74.0,3.87,"119,064","2,806",344,296,49738.0,50566653,https://www.goodreads.com/book/show/62446.The_Prince_and_the_Pauper?ref=nav_sb_ss_1_25,https://en.wikipedia.org/wiki/The_Prince_and_the_Pauper,https://www.gutenberg.org/cache/epub/1837/pg1837.txt,,,,,,,423902.0,73115.0,True,1014.0,127.0,224.0,1837,1881-01-01
64,A Portrait of the Artist as a Young Man,James Joyce,1916,English,bildung,1882,1941,male,eng,IE,"short stories,novels",novelists,15478.0,5442.0,1499.0,71.0,90.0,3.64,"151,213","7,577",464,273,327253.0,44300643,https://www.goodreads.com/book/show/7588.A_Portrait_of_the_Artist_as_a_Young_Man?ref=nav_sb_ss_1_39,https://en.wikipedia.org/wiki/A_Portrait_of_the_Artist_as_a_Young_Man,https://www.gutenberg.org/cache/epub/4217/pg4217.txt,,,,,,,492329.0,87900.0,True,1259.0,103.0,265.0,4217,1916-01-01
65,Lord Jim,Joseph Conrad,1900,English,na,1857,1924,male,eng,GB,english literature,novelists,15227.0,5955.0,1892.0,77.0,65.0,3.62,"30,981","1,687",470,432,453569.0,73862853,https://www.goodreads.com/book/show/12194.Lord_Jim?ref=nav_sb_ss_1_8,https://en.wikipedia.org/wiki/Lord_Jim,https://www.gutenberg.org/cache/epub/5658/pg5658.txt,,,,,,,740853.0,133050.0,True,2098.0,201.0,265.0,5658,1900-01-01
66,Harry Potter and the Chamber of Secrets,J.K. Rowling,1998,English,fantasy,1965,ALIVE,female,eng,GB,"young adult fiction,young adult fantasy,fantasy fiction,fantasy,novels","novelists,authors,writers",18109.0,947.0,831.0,43.0,172.0,4.43,"3,895,830","78,904",14,11,3810426007.0,116796842,https://www.goodreads.com/book/show/15881.Harry_Potter_and_the_Chamber_of_Secrets?ref=nav_sb_ss_1_39,https://en.wikipedia.org/wiki/Harry_Potter_and_the_Chamber_of_Secrets,NA_not-pub-domain,,,,,,,,,False,,,,,1998-01-01
67,The Red & the Black,Stendhal,1830,French,bildung,1783,1842,male,fre,FR,,authors,,,,,,3.87,"74,618","3,236",345,354,,17823,https://www.goodreads.com/book/show/14662.The_Red_and_the_Black?ref=nav_sb_ss_1_19,https://en.wikipedia.org/wiki/The_Red_and_the_Black,https://www.gutenberg.org/cache/epub/44747/pg44747.txt,https://www.gutenberg.org/cache/epub/798/pg798.txt,,,,,,1122646.0,196662.0,True,2824.0,1115.0,476.0,44747,1830-01-01
68,The Stranger,Albert Camus,1942,French,na,1913,1960,male,fre,FR,existentialism,"philosophers,journalists,authors",16742.0,626.0,1898.0,60.0,61.0,4.02,"1,080,389","48,517",199,79,2517178012.0,97000332,https://www.goodreads.com/book/show/49552.The_Stranger?ref=nav_sb_ss_1_12,https://en.wikipedia.org/wiki/The_Stranger_(Camus_novel),NA_not-pub-domain,unavailable,,,,,,,,False,,,,,1942-01-01
69,The Trial,Franz Kafka,1925,German,allegories,1883,1924,male,ger,CZ,"fiction,drawing","novelists,insurance companies employees",15489.0,2842.0,2548.0,69.0,36.0,3.96,"322,494","14,247",263,185,3137877240.0,56611857,https://www.goodreads.com/book/show/17690.The_Trial?ref=nav_sb_ss_2_9,https://en.wikipedia.org/wiki/The_Trial,https://www.gutenberg.org/cache/epub/7849/pg7849.txt,https://www.gutenberg.org/cache/epub/69327/pg69327.txt,,,,,,476644.0,86852.0,True,1809.0,255.0,405.0,7849,1925-01-01
70,Lady Chatterley's Lover,D.H. Lawrence,1928,English,na,1885,1930,male,eng,GB,english literature,"poets,novelists,dramatists",13228.0,4074.0,1316.0,104.0,113.0,3.5,"124,934","7,700",486,294,2830915423.0,95150359,https://www.goodreads.com/book/show/32049.Lady_Chatterley_s_Lover?ref=nav_sb_ss_1_23,https://en.wikipedia.org/wiki/Lady_Chatterley%27s_Lover,NA_unavailable,,,,,,,,,False,,,,,1928-01-01
71,Kidnapped: The Adventures of David Balfour,Robert Louis Stevenson,1886,English,history,1850,1894,male,eng,GB,,"travel writers,poets,novelists",1231.0,25.0,26.0,494.0,494.0,3.79,"64,477","2,559",398,369,4917775171.0,95207986,https://www.goodreads.com/book/show/43186363-kidnapped?ref=nav_sb_ss_1_42,https://en.wikipedia.org/wiki/Kidnapped_(novel),https://www.gutenberg.org/cache/epub/421/pg421.txt,,,,,,,451255.0,84939.0,True,1147.0,67.0,212.0,421,1886-01-01
72,The Catcher in the Rye,J.D. Salinger,1951,English,bildung,1919,2010,male,eng,US,,novelists american,15149.0,724.0,1028.0,81.0,148.0,3.8,"3,503,812","84,269",392,16,375516175.0,17092,https://www.goodreads.com/book/show/5107.The_Catcher_in_the_Rye?from_search=true&from_srp=true&qid=cmOhlqqyD1&rank=1,https://en.wikipedia.org/wiki/The_Catcher_in_the_Rye,NA_not-pub-domain,,,,,,,,,False,,,,,1951-01-01
73,Fahrenheit 451,Ray Bradbury,1953,English,scifi,1920,2012,male,eng,US,"science fiction,literature",author,14960.0,544.0,1137.0,83.0,136.0,3.97,"2,397,851","73,042",255,35,346202.0,12305881,https://www.goodreads.com/book/show/13079982-fahrenheit-451?ref=nav_sb_ss_1_14,https://en.wikipedia.org/wiki/Fahrenheit_451,NA_not-pub-domain,,,,,,,,,False,,,,,1953-01-01
74,A Journey to the Center of the Earth,Jules Verne,1864,French,scifi,1828,1905,male,fre,FR,"drama,voyages imaginary,science fiction,poetry,novels,action and adventure fiction","poets,novelists,authors french,playwrights",13543.0,2881.0,2026.0,98.0,54.0,3.85,"199,026","8,524",358,238,25765616.0,76323989,https://www.goodreads.com/book/show/32829.Journey_to_the_Center_of_the_Earth,https://en.wikipedia.org/wiki/Journey_to_the_Center_of_the_Earth,https://www.gutenberg.org/cache/epub/18857/pg18857.txt,https://www.gutenberg.org/cache/epub/4791/pg4791.txt,,,,,,517720.0,88884.0,True,445.0,20.0,84.0,18857,1864-01-01
75,Vanity Fair,William Makepeace Thackeray,1848,English,na,1811,1863,male,eng,GB,,"novelists,illustrators,authors",15173.0,4972.0,1907.0,79.0,59.0,3.8,"127,840","4,451",393,288,3372561869.0,95208604,https://www.goodreads.com/book/show/5797.Vanity_Fair?ref=nav_sb_ss_1_11,https://en.wikipedia.org/wiki/Vanity_Fair_(novel),https://www.gutenberg.org/cache/epub/599/pg599.txt,,,,,,,1765717.0,305420.0,True,3006.0,2459.0,770.0,599,1848-01-01
76,All Quiet on the Western Front,Erich Maria Remarque,1929,German,war,1898,1970,male,ger,DE,,"novelists,authors german",15690.0,1675.0,1712.0,66.0,71.0,4.07,"456,883","17,865",164,151,1806412163.0,61551298,https://www.goodreads.com/book/show/355697.All_Quiet_on_the_Western_Front?ref=nav_sb_ss_1_30,https://en.wikipedia.org/wiki/All_Quiet_on_the_Western_Front,NA_not-pub-domain,unavailable,,,,,,,,False,,,,,1929-01-01
77,Gone with the Wind,Margaret Mitchell,1936,English,history,1900,1949,female,eng,US,,"journalists,authors",13414.0,416.0,875.0,101.0,164.0,4.31,"1,205,120","24,146",30,71,101013.0,27068921,https://www.goodreads.com/book/show/18405.Gone_with_the_Wind?ref=nav_sb_ss_1_18,https://en.wikipedia.org/wiki/Gone_with_the_Wind_(novel),NA_not-pub-domain,,,,,,,,,False,,,,,1936-01-01
78,My Ántonia,Willa Cather,1918,English,na,1873,1947,female,eng,US,,,15154.0,6909.0,780.0,80.0,181.0,3.83,"137,245","9,062",375,279,15523.0,2480701,https://www.goodreads.com/book/show/17150.My_ntonia?ref=nav_sb_ss_1_10,https://en.wikipedia.org/wiki/My_%C3%81ntonia,https://www.gutenberg.org/cache/epub/242/pg242.txt,,,,,,,468552.0,84403.0,True,802.0,681.0,309.0,242,1918-01-01
79,Of Mice and Men,John Steinbeck,1937,English,na,1902,1968,male,eng,US,literature,authors,19861.0,583.0,1497.0,33.0,92.0,3.88,"2,529,003","52,115",332,32,4140851160.0,96992551,https://www.goodreads.com/book/show/890.Of_Mice_and_Men?ref=nav_sb_ss_1_15,https://en.wikipedia.org/wiki/Of_Mice_and_Men,NA_not-pub-domain,,,,,,,,,False,,,,,1937-01-01
80,The Vicar of Wakefield,Oliver Goldsmith,1766,English,na,1730?,1774,male,eng,GB,,"poets,novelists,playwrights",15582.0,12231.0,3798.0,68.0,14.0,3.46,"10,125",662,489,485,327398.0,100167171,https://www.goodreads.com/book/show/112510.The_Vicar_of_Wakefield?ref=nav_sb_ss_1_22,https://en.wikipedia.org/wiki/The_Vicar_of_Wakefield,https://www.gutenberg.org/cache/epub/2667/pg2667.txt,,,,,,,,,False,,,,2667,1766-01-01
81,A Connecticut Yankee in King Arthur's Court,Mark Twain,1889,English,fantasy,1835,1910,male,eng,US,"wit and humor,literature,humor","lecturers,humorists,authors",15409.0,7072.0,1654.0,75.0,75.0,3.77,"103,170","3,887",411,316,49738.0,50566653,https://www.goodreads.com/book/show/162898.A_Connecticut_Yankee_in_King_Arthur_s_Court?ref=nav_sb_ss_1_43,https://en.wikipedia.org/wiki/A_Connecticut_Yankee_in_King_Arthur%27s_Court,https://www.gutenberg.org/cache/epub/86/pg86.txt,,,,,,,676204.0,120863.0,True,870.0,271.0,624.0,86,1889-01-01
82,White Fang,Jack London,1906,English,action,1876,1916,male,eng,US,,"novelists american,authors american",18081.0,7967.0,2062.0,45.0,50.0,4.02,"189,034","6,305",200,246,2242253940.0,46764200,https://www.goodreads.com/book/show/43035.White_Fang?ref=nav_sb_ss_1_10,https://en.wikipedia.org/wiki/White_Fang,https://www.gutenberg.org/cache/epub/910/pg910.txt,,,,,,,424679.0,75213.0,True,1546.0,189.0,245.0,910,1906-01-01
83,Fathers and Sons,Ivan Sergeevich Turgenev,1862,Russian,na,1818,1883,male,rus,RU,,authors russian,12709.0,3577.0,1193.0,112.0,126.0,3.99,"88,818","4,073",236,338,4494933194.0,41847346,https://www.goodreads.com/book/show/19117.Fathers_and_Sons?ref=nav_sb_ss_1_16,https://en.wikipedia.org/wiki/Fathers_and_Sons_(novel),https://www.gutenberg.org/cache/epub/47935/pg47935.txt,unavailable,,,,,,487726.0,82787.0,True,1197.0,559.0,125.0,47935,1862-01-01
84,Doctor Zhivago,Boris Leonidovich Pasternak,1957,Russian,history,1890,1960,male,rus,RU,,authors russian,8178.0,230.0,347.0,265.0,304.0,4.01,"96,443","4,363",215,326,12392495264.0,68933968,https://www.goodreads.com/book/show/130440.Doctor_Zhivago?ref=nav_sb_ss_1_14,https://en.wikipedia.org/wiki/Doctor_Zhivago_(novel),NA_not-pub-domain,unavailable,,,,,,,,False,,,,,1957-01-01
85,The Decameron,Giovanni Boccaccio,1351,Italian,na,1313,1375,male,ita,IT,,"poets,humanists,authors",15444.0,1311.0,3294.0,72.0,23.0,3.88,"39,870","1,910",333,409,4451843194.0,64002165,https://www.goodreads.com/book/show/51799.The_Decameron?ref=nav_sb_ss_1_13,https://en.wikipedia.org/wiki/The_Decameron,https://www.gutenberg.org/cache/epub/23700/pg23700.txt,unavailable,,,,,,1750214.0,310927.0,True,4660.0,2184.0,1550.0,23700,1351-01-01
86,Nineteen Eighty-Four,George Orwell,1949,English,political,1903,1950,male,eng,GB,fiction,"novelists,authors",16690.0,321.0,1189.0,62.0,128.0,4.19,"4,558,358","113,880",77,7,1908975549.0,95155403,https://www.goodreads.com/book/show/5471.Nineteen_Eighty_Four?from_search=true&from_srp=true&qid=Exz83MvWKn&rank=1,https://en.wikipedia.org/wiki/Nineteen_Eighty-Four,NA_not-pub-domain,,,,,,,,,False,,,,,1949-01-01
87,The Jungle,Upton Sinclair,1906,English,political,1878,1968,male,eng,US,,novelists,13314.0,5698.0,856.0,103.0,166.0,3.77,"144,955","7,162",412,274,34417.0,32002923,https://www.goodreads.com/book/show/41681.The_Jungle?ref=nav_sb_ss_1_10,https://en.wikipedia.org/wiki/The_Jungle,https://www.gutenberg.org/cache/epub/140/pg140.txt,,,,,,,841921.0,152231.0,True,2758.0,667.0,1248.0,140,1906-01-01
88,The Da Vinci Code,Dan Brown,2003,English,mystery,1964,ALIVE,male,eng,US,"suspense fiction,fiction","novelists american,authors american",13507.0,756.0,705.0,100.0,199.0,3.91,"2,341,900","54,616",311,37,925261.0,102403515,https://www.goodreads.com/book/show/968.The_Da_Vinci_Code?ref=nav_sb_ss_1_17,https://en.wikipedia.org/wiki/The_Da_Vinci_Code,NA_not-pub-domain,,,,,,,,,False,,,,,2003-01-01
89,Persuasion,Jane Austen,1818,English,romance,1775,1817,female,eng,GB,"fiction,novels","novelists,authors",36023.0,15545.0,4889.0,3.0,4.0,4.15,"697,703","32,466",101,115,1881837462.0,102333412,https://www.goodreads.com/book/show/2156.Persuasion?ref=nav_sb_ss_1_10,https://en.wikipedia.org/wiki/Persuasion_(novel),https://www.gutenberg.org/cache/epub/105/pg105.txt,,,,,,,492873.0,86371.0,True,738.0,819.0,324.0,105,1818-01-01
90,Mansfield Park,Jane Austen,1814,English,romance,1775,1817,female,eng,GB,"fiction,novels","novelists,authors",15034.0,7208.0,1894.0,82.0,63.0,3.86,"347,543","14,726",350,178,414477.0,102333412,https://www.goodreads.com/book/show/45032.Mansfield_Park?ref=nav_sb_ss_1_14,https://en.wikipedia.org/wiki/Mansfield_Park,https://www.gutenberg.org/cache/epub/141/pg141.txt,,,,,,,919320.0,162750.0,True,1262.0,1754.0,426.0,141,1814-01-01
91,Candide,Voltaire,1759,French,na,1694,1778,male,fre,FR,"philosophy modern 18th century,french literature 18th century","philosopher,author,poet,activist,historian,dramatist",17861.0,6757.0,2068.0,48.0,48.0,3.76,"274,958","11,453",416,205,4061447344.0,36925746,https://www.goodreads.com/book/show/19380.Candide?ref=nav_sb_ss_1_7,https://en.wikipedia.org/wiki/Candide,https://www.gutenberg.org/cache/epub/19942/pg19942.txt,https://www.gutenberg.org/cache/epub/4650/pg4650.txt,,,,,,229609.0,38913.0,True,367.0,83.0,225.0,19942,1759-01-01
92,For Whom the Bell Tolls,Ernest Hemingway,1940,English,war,1899,1961,male,eng,US,"short stories,novels,journalism,fiction","novelists,journalists",14237.0,353.0,1371.0,89.0,108.0,3.98,"292,256","8,891",246,199,4714396086.0,97006051,https://www.goodreads.com/book/show/46170.For_Whom_the_Bell_Tolls?ref=nav_sb_ss_1_23,https://en.wikipedia.org/wiki/For_Whom_the_Bell_Tolls,NA_not-pub-domain,,,,,,,,,False,,,,,1940-01-01
93,Far from the Madding Crowd,Thomas Hardy,1874,English,romance,1840,1928,male,eng,GB,english literature,writers,13214.0,6199.0,1410.0,106.0,105.0,3.96,"152,559","8,220",264,271,395825.0,54148778,https://www.goodreads.com/book/show/31463.Far_From_the_Madding_Crowd?ref=nav_sb_ss_1_26,https://en.wikipedia.org/wiki/Far_from_the_Madding_Crowd,https://www.gutenberg.org/cache/epub/107/pg107.txt,,,,,,,809501.0,140172.0,True,1094.0,1032.0,325.0,107,1874-01-01
94,The Fellowship of the Ring,J.R.R. Tolkien,1954,English,fantasy,1892,1973,male,eng,GB,"poetry,philology,novels,fiction,fantasy fiction,english literature,education higher","poets,philologists,novelists,college teachers,authors",10170.0,482.0,373.0,171.0,289.0,4.39,"2,795,660","38,982",17,28,2591110353.0,95218067,https://www.goodreads.com/book/show/61215351-the-fellowship-of-the-ring?ref=nav_sb_ss_1_26,https://en.wikipedia.org/wiki/The_Fellowship_of_the_Ring,NA_not-pub-domain,,,,,,,,,False,,,,,1954-01-01
95,The Return of the Native,Thomas Hardy,1878,English,romance,1840,1928,male,eng,GB,english literature,writers,13617.0,4805.0,1191.0,97.0,127.0,3.87,"38,401","1,995",346,414,443851.0,54148778,https://www.goodreads.com/book/show/32650.The_Return_of_the_Native?ref=nav_sb_ss_1_24,https://en.wikipedia.org/wiki/The_Return_of_the_Native,https://www.gutenberg.org/cache/epub/122/pg122.txt,,,,,,,819546.0,145063.0,True,1372.0,1273.0,337.0,122,1878-01-01
96,Sons and Lovers,D.H. Lawrence,1913,English,na,1885,1930,male,eng,GB,english literature,"poets,novelists,dramatists",13228.0,4074.0,1316.0,105.0,114.0,3.64,"52,987","2,451",465,390,2830915423.0,95150359,https://www.goodreads.com/book/show/32071.Sons_and_Lovers?ref=nav_sb_ss_1_15,https://en.wikipedia.org/wiki/Sons_and_Lovers,https://www.gutenberg.org/cache/epub/217/pg217.txt,,,,,,,923277.0,163238.0,True,3602.0,2588.0,615.0,217,1913-01-01
97,Charlotte's Web,E.B. White,1952,English,fantasy,1899,1985,male,eng,US,childrens literature,author,13719.0,249.0,512.0,95.0,238.0,4.2,"1,821,579","23,617",70,45,20031489.0,66475004,https://www.goodreads.com/book/show/24178.Charlotte_s_Web?ref=nav_sb_ss_1_15,https://en.wikipedia.org/wiki/Charlotte%27s_Web,NA_not-pub-domain,,,,,,,,,False,,,,,1952-01-01
98,The Swiss Family Robinson,Johann David Wyss,1812,German,na,1743,1818,male,ger,CH,,author,12664.0,3335.0,1528.0,113.0,89.0,3.91,"105,769","2,996",312,312,20962782.0,102332157,https://www.goodreads.com/book/show/62111.The_Swiss_Family_Robinson?ref=nav_sb_ss_1_25,https://en.wikipedia.org/wiki/The_Swiss_Family_Robinson,https://www.gutenberg.org/cache/epub/11703/pg11703.txt,unavailable,,,,,,708599.0,125935.0,True,799.0,268.0,581.0,11703,1812-01-01
99,Bleak House,Charles Dickens,1853,English,na,1812,1870,male,eng,GB,english literature,"authors english,writers,novelists",13894.0,5992.0,1703.0,94.0,72.0,4.02,"108,341","5,462",201,309,2070150039.0,88666393,https://www.goodreads.com/book/show/31242.Bleak_House?ref=nav_sb_ss_1_11,https://en.wikipedia.org/wiki/Bleak_House,https://www.gutenberg.org/cache/epub/1023/pg1023.txt,,,,,,,1999058.0,356513.0,True,3695.0,1511.0,706.0,1023,1853-01-01
100,Père Goriot,Honoré de Balzac,1835,French,bildung,1799,1850,male,fre,FR,"literature,drama","novelist,playwright,dramatists,authors french",14071.0,3309.0,2391.0,90.0,42.0,3.85,"59,008","2,901",359,378,266292.0,29529595,https://www.goodreads.com/book/show/59145.P_re_Goriot?ref=nav_sb_ss_1_11,https://en.wikipedia.org/wiki/P%C3%A8re_Goriot,https://www.gutenberg.org/cache/epub/1237/pg1237.txt,unavailable,,,,,,601943.0,106635.0,True,1242.0,599.0,388.0,1237,1835-01-01
101,Utopia,Thomas More,1516,Latin,na,1478,1535,male,eng,GB,"utopias,poetry,humanism,christianity,christian heresies","statesmen,politicians,lord chancellor,lawyers,humanists,authors,philosophers",13909.0,6729.0,1798.0,93.0,69.0,3.55,"74,619","4,255",480,353,5081.0,29541174,https://www.goodreads.com/book/show/18414.Utopia?from_search=true&from_srp=true&qid=ngtDZbPNwH&rank=2,https://en.wikipedia.org/wiki/Utopia_(book),https://www.gutenberg.org/cache/epub/2130/pg2130.txt,unavailable,,,,,,260648.0,46558.0,True,282.0,3.0,918.0,2130,1516-01-01
102,"The History of Tom Jones, a Foundling",Henry Fielding,1749,English,na,1707,1754,male,eng,GB,,,15176.0,6930.0,1865.0,78.0,67.0,3.75,"33,358","1,333",422,429,4915567353.0,61545697,https://www.goodreads.com/book/show/99329.The_History_of_Tom_Jones_a_Foundling?ref=nav_sb_ss_1_37,"https://en.wikipedia.org/wiki/The_History_of_Tom_Jones,_a_Foundling",https://www.gutenberg.org/cache/epub/6593/pg6593.txt,,,,,,,2016267.0,353667.0,True,4445.0,2332.0,926.0,6593,1749-01-01
103,Harry Potter and the Prisoner of Azkaban,J.K. Rowling,1999,English,fantasy,1965,ALIVE,female,eng,GB,"young adult fiction,young adult fantasy,fantasy fiction,fantasy,novels","novelists,authors,writers",16909.0,845.0,788.0,57.0,179.0,4.58,"4,146,575","83,149",2,9,3770153674.0,116796842,https://www.goodreads.com/book/show/5.Harry_Potter_and_the_Prisoner_of_Azkaban?from_search=true&from_srp=true&qid=kpy1qZNbJq&rank=1,https://en.wikipedia.org/wiki/Harry_Potter_and_the_Prisoner_of_Azkaban,NA_not-pub-domain,,,,,,,,,False,,,,,1999-01-01
104,Kim,Rudyard Kipling,1901,English,action,1865,1936,male,eng,GB,"poetry,fiction","poets,novelists,authors",13144.0,5426.0,1592.0,108.0,82.0,3.7,"37,537","2,276",437,418,454002.0,7524679,https://www.goodreads.com/book/show/210834.Kim?ref=nav_sb_ss_1_11,https://en.wikipedia.org/wiki/Kim_(novel),https://www.gutenberg.org/cache/epub/2226/pg2226.txt,,,,,,,609643.0,107594.0,True,1166.0,123.0,355.0,2226,1901-01-01
105,The Sound and the Fury,William Faulkner,1929,English,na,1897,1962,male,eng,US,"short stories,novels,fiction",novelists,9361.0,137.0,773.0,208.0,184.0,3.86,"181,324","9,253",351,255,17295.0,39376770,https://www.goodreads.com/book/show/10975.The_Sound_and_the_Fury?ref=nav_sb_ss_1_22,https://en.wikipedia.org/wiki/The_Sound_and_the_Fury,NA_not-pub-domain,,,,,,,,,False,,,,,1929-01-01
106,Harry Potter and the Goblet of Fire,J.K. Rowling,2000,English,fantasy,1965,ALIVE,female,eng,GB,"young adult fiction,young adult fantasy,fantasy fiction,fantasy,novels","novelists,authors,writers",15444.0,788.0,651.0,73.0,208.0,4.57,"3,665,172","68,527",4,14,3578903916.0,116796842,https://www.goodreads.com/book/show/6.Harry_Potter_and_the_Goblet_of_Fire?ref=nav_sb_ss_1_35,https://en.wikipedia.org/wiki/Harry_Potter_and_the_Goblet_of_Fire,NA_not-pub-domain,,,,,,,,,False,,,,,2000-01-01
107,The Mill on the Floss,George Eliot,1860,English,na,1819,1880,female,eng,GB,"novels,fiction","translators,poets,novelists,journalists",13200.0,5920.0,1684.0,107.0,73.0,3.82,"55,099","2,859",384,385,335848.0,89000553,https://www.goodreads.com/book/show/20564.The_Mill_on_the_Floss?ref=nav_sb_ss_1_21,https://en.wikipedia.org/wiki/The_Mill_on_the_Floss,https://www.gutenberg.org/cache/epub/6688/pg6688.txt,,,,,,,1182512.0,209542.0,True,2083.0,1728.0,655.0,6688,1860-01-01
108,A Wrinkle in Time,Madeleine L'Engle,1962,English,scifi,,,female,eng,US,childrens stories,"teachers,authors",15967.0,649.0,426.0,64.0,269.0,3.98,"1,197,521","39,424",247,72,37075.0,76391491,https://www.goodreads.com/book/show/33574273-a-wrinkle-in-time?ref=nav_sb_ss_1_17,https://en.wikipedia.org/wiki/A_Wrinkle_in_Time,NA_not-pub-domain,,,,,,,,,False,,,,,1962-01-01
109,The Hound of the Baskervilles,Arthur Conan Doyle,1902,English,mystery,1859,1930,male,eng,GB,"spiritualism,medicine,literature","spiritualists,physicians,authors english",12622.0,5644.0,1903.0,115.0,60.0,4.13,"343,048","12,213",116,181,2615441527.0,65283845,https://www.goodreads.com/book/show/8921.The_Hound_of_the_Baskervilles?ref=nav_sb_ss_1_29,https://en.wikipedia.org/wiki/The_Hound_of_the_Baskervilles,https://www.gutenberg.org/cache/epub/2852/pg2852.txt,,,,,,,381208.0,62307.0,True,725.0,109.0,88.0,2852,1902-01-01
110,The Two Towers,J.R.R. Tolkien,1954,English,fantasy,1892,1973,male,eng,GB,"poetry,philology,novels,fiction,fantasy fiction,english literature,education higher","poets,philologists,novelists,college teachers,authors",8907.0,433.0,294.0,225.0,338.0,4.48,"960,309","19,045",8,83,5182724222.0,95218067,https://www.goodreads.com/book/show/61215372-the-two-towers?ref=nav_sb_ss_1_14,https://en.wikipedia.org/wiki/The_Two_Towers,NA_not-pub-domain,,,,,,,,,False,,,,,1954-01-01
111,The War of the Worlds,H.G. Wells,1898,English,scifi,1866,1946,male,eng,GB,science fiction,authors,12238.0,6877.0,1425.0,122.0,102.0,3.83,"312,138","12,123",376,189,3409.0,97006424,https://www.goodreads.com/book/show/8909.The_War_of_the_Worlds?ref=nav_sb_ss_1_21,https://en.wikipedia.org/wiki/The_War_of_the_Worlds,https://www.gutenberg.org/cache/epub/36/pg36.txt,,,,,,,363441.0,63118.0,True,283.0,24.0,245.0,36,1898-01-01
112,Middlemarch,George Eliot,1872,English,na,1819,1880,female,eng,GB,"novels,fiction","translators,poets,novelists,journalists",13007.0,8326.0,1469.0,109.0,97.0,4.02,"161,972","10,975",202,264,396912.0,89000553,https://www.goodreads.com/book/show/19089.Middlemarch?ref=nav_sb_ss_1_11,https://en.wikipedia.org/wiki/Middlemarch,https://www.gutenberg.org/cache/epub/145/pg145.txt,,,,,,,1833071.0,319407.0,True,4053.0,2130.0,650.0,145,1872-01-01
113,The Age of Innocence,Edith Wharton,1920,English,na,1862,1937,female,eng,US,"novels,fiction","novelists,designers,authors",12376.0,7939.0,1012.0,119.0,151.0,3.96,"172,989","10,251",265,259,324891.0,17230986,https://www.goodreads.com/book/show/53835.The_Age_of_Innocence?ref=nav_sb_ss_1_20,https://en.wikipedia.org/wiki/The_Age_of_Innocence,https://www.gutenberg.org/cache/epub/541/pg541.txt,,,,,,,609696.0,104434.0,True,1424.0,1047.0,321.0,541,1920-01-01
114,The Color Purple,Alice Walker,1982,English,na,1944,ALIVE,female,eng,US,,"poets,novelists,educators,civil rights workers",12645.0,678.0,517.0,114.0,236.0,4.27,"679,776","25,378",44,120,567984.0,108495772,https://www.goodreads.com/book/show/52892857-the-color-purple?ref=nav_sb_ss_1_16,https://en.wikipedia.org/wiki/The_Color_Purple,NA_not-pub-domain,,,,,,,,,False,,,,,1982-01-01
115,Northanger Abbey,Jane Austen,1818,English,romance,1775,1817,female,eng,GB,"fiction,novels","novelists,authors",11913.0,7564.0,1492.0,128.0,94.0,3.85,"398,340","21,067",360,165,3138345473.0,102333412,https://www.goodreads.com/book/show/50398.Northanger_Abbey?ref=nav_sb_ss_1_16,https://en.wikipedia.org/wiki/Northanger_Abbey,https://www.gutenberg.org/cache/epub/121/pg121.txt,,,,,,,461704.0,80264.0,True,463.0,944.0,333.0,121,1818-01-01
116,East of Eden,John Steinbeck,1952,English,na,1902,1968,male,eng,US,literature,authors,11207.0,387.0,659.0,145.0,206.0,4.41,"535,229","29,065",16,140,576470.0,96992551,https://www.goodreads.com/book/show/4406.East_of_Eden?ref=nav_sb_ss_1_12,https://en.wikipedia.org/wiki/East_of_Eden_(novel),NA_not-pub-domain,,,,,,,,,False,,,,,1952-01-01
117,On the Road,Jack Kerouac,1957,English,autobio,1922,1969,male,eng,US,,,9948.0,372.0,724.0,176.0,194.0,3.61,"409,488","19,595",471,162,50097.0,27066713,https://www.goodreads.com/book/show/70401.On_the_Road?ref=nav_sb_ss_1_11,https://en.wikipedia.org/wiki/On_the_Road,NA_not-pub-domain,,,,,,,,,False,,,,,1957-01-01
118,Catch-22,Joseph Heller,1961,English,war,1923,1999,male,eng,US,"writing,fiction,college teaching,advertising copy","teachers,novelists,fulbright scholars,college teachers,authors,actors",12255.0,368.0,779.0,121.0,183.0,3.99,"828,780","23,316",237,99,258120.0,36926967,https://www.goodreads.com/book/show/168668.Catch_22?ref=nav_sb_ss_1_8,https://en.wikipedia.org/wiki/Catch-22,NA_not-pub-domain,,,,,,,,,False,,,,,1961-01-01
119,Around the World in Eighty Days,Jules Verne,1873,French,action,1828,1905,male,fre,FR,"drama,voyages imaginary,science fiction,poetry,novels,action and adventure fiction","poets,novelists,authors french,playwrights",19018.0,10711.0,2844.0,37.0,30.0,3.94,"246,234","11,023",285,224,4915442756.0,76323989,https://www.goodreads.com/book/show/54479.Around_the_World_in_Eighty_Days?ref=nav_sb_ss_1_31,https://en.wikipedia.org/wiki/Around_the_World_in_Eighty_Days,https://www.gutenberg.org/cache/epub/103/pg103.txt,https://www.gutenberg.org/cache/epub/800/pg800.txt,,,,,,396839.0,66384.0,True,773.0,78.0,184.0,103,1873-01-01
120,Hard Times,Charles Dickens,1854,English,na,1812,1870,male,eng,GB,english literature,"authors english,writers,novelists",12228.0,4440.0,1604.0,123.0,77.0,3.54,"68,020","4,209",482,364,2044976179.0,88666393,https://www.goodreads.com/book/show/5344.Hard_Times?from_search=true&from_srp=true&qid=o2qlWm2Fwt&rank=1,https://en.wikipedia.org/wiki/Hard_Times_(novel),https://www.gutenberg.org/cache/epub/786/pg786.txt,,,,,,,610814.0,106295.0,True,1099.0,638.0,305.0,786,1854-01-01
121,Beloved,Toni Morrison,1987,English,history,1931,2019,female,eng,US,"united states race relations,racism,african americans,african american women,african american girls,literature","english teachers,college teachers,novelists,authors,writers,university and college faculty members,literature teachers,english teachers of",12806.0,693.0,564.0,111.0,226.0,3.95,"431,996","21,086",276,158,989794.0,109406177,https://www.goodreads.com/book/show/6149.Beloved?ref=nav_sb_ss_1_7,https://en.wikipedia.org/wiki/Beloved_(novel),NA_not-pub-domain,,1987.0,1987-09-20,12.0,655.0,BELOVED,,,False,,,,,1987-01-01
121,Beloved,Toni Morrison,1987,English,history,1931,2019,female,eng,US,"united states race relations,racism,african americans,african american women,african american girls,literature","english teachers,college teachers,novelists,authors,writers,university and college faculty members,literature teachers,english teachers of",12806.0,693.0,564.0,111.0,226.0,3.95,"431,996","21,086",276,158,989794.0,109406177,https://www.goodreads.com/book/show/6149.Beloved?ref=nav_sb_ss_1_7,https://en.wikipedia.org/wiki/Beloved_(novel),NA_not-pub-domain,,1987.0,1987-09-27,7.0,655.0,BELOVED,,,False,,,,,1987-01-01
121,Beloved,Toni Morrison,1987,English,history,1931,2019,female,eng,US,"united states race relations,racism,african americans,african american women,african american girls,literature","english teachers,college teachers,novelists,authors,writers,university and college faculty members,literature teachers,english teachers of",12806.0,693.0,564.0,111.0,226.0,3.95,"431,996","21,086",276,158,989794.0,109406177,https://www.goodreads.com/book/show/6149.Beloved?ref=nav_sb_ss_1_7,https://en.wikipedia.org/wiki/Beloved_(novel),NA_not-pub-domain,,1987.0,1987-10-04,3.0,655.0,BELOVED,,,False,,,,,1987-01-01
121,Beloved,Toni Morrison,1987,English,history,1931,2019,female,eng,US,"united states race relations,racism,african americans,african american women,african american girls,literature","english teachers,college teachers,novelists,authors,writers,university and college faculty members,literature teachers,english teachers of",12806.0,693.0,564.0,111.0,226.0,3.95,"431,996","21,086",276,158,989794.0,109406177,https://www.goodreads.com/book/show/6149.Beloved?ref=nav_sb_ss_1_7,https://en.wikipedia.org/wiki/Beloved_(novel),NA_not-pub-domain,,1987.0,1987-10-11,5.0,655.0,BELOVED,,,False,,,,,1987-01-01
121,Beloved,Toni Morrison,1987,English,history,1931,2019,female,eng,US,"united states race relations,racism,african americans,african american women,african american girls,literature","english teachers,college teachers,novelists,authors,writers,university and college faculty members,literature teachers,english teachers of",12806.0,693.0,564.0,111.0,226.0,3.95,"431,996","21,086",276,158,989794.0,109406177,https://www.goodreads.com/book/show/6149.Beloved?ref=nav_sb_ss_1_7,https://en.wikipedia.org/wiki/Beloved_(novel),NA_not-pub-domain,,1987.0,1987-10-18,5.0,655.0,BELOVED,,,False,,,,,1987-01-01
121,Beloved,Toni Morrison,1987,English,history,1931,2019,female,eng,US,"united states race relations,racism,african americans,african american women,african american girls,literature","english teachers,college teachers,novelists,authors,writers,university and college faculty members,literature teachers,english teachers of",12806.0,693.0,564.0,111.0,226.0,3.95,"431,996","21,086",276,158,989794.0,109406177,https://www.goodreads.com/book/show/6149.Beloved?ref=nav_sb_ss_1_7,https://en.wikipedia.org/wiki/Beloved_(novel),NA_not-pub-domain,,1987.0,1987-10-25,6.0,655.0,BELOVED,,,False,,,,,1987-01-01
121,Beloved,Toni Morrison,1987,English,history,1931,2019,female,eng,US,"united states race relations,racism,african americans,african american women,african american girls,literature","english teachers,college teachers,novelists,authors,writers,university and college faculty members,literature teachers,english teachers of",12806.0,693.0,564.0,111.0,226.0,3.95,"431,996","21,086",276,158,989794.0,109406177,https://www.goodreads.com/book/show/6149.Beloved?ref=nav_sb_ss_1_7,https://en.wikipedia.org/wiki/Beloved_(novel),NA_not-pub-domain,,1987.0,1987-11-01,6.0,655.0,BELOVED,,,False,,,,,1987-01-01
121,Beloved,Toni Morrison,1987,English,history,1931,2019,female,eng,US,"united states race relations,racism,african americans,african american women,african american girls,literature","english teachers,college teachers,novelists,authors,writers,university and college faculty members,literature teachers,english teachers of",12806.0,693.0,564.0,111.0,226.0,3.95,"431,996","21,086",276,158,989794.0,109406177,https://www.goodreads.com/book/show/6149.Beloved?ref=nav_sb_ss_1_7,https://en.wikipedia.org/wiki/Beloved_(novel),NA_not-pub-domain,,1987.0,1987-11-08,6.0,655.0,BELOVED,,,False,,,,,1987-01-01
121,Beloved,Toni Morrison,1987,English,history,1931,2019,female,eng,US,"united states race relations,racism,african americans,african american women,african american girls,literature","english teachers,college teachers,novelists,authors,writers,university and college faculty members,literature teachers,english teachers of",12806.0,693.0,564.0,111.0,226.0,3.95,"431,996","21,086",276,158,989794.0,109406177,https://www.goodreads.com/book/show/6149.Beloved?ref=nav_sb_ss_1_7,https://en.wikipedia.org/wiki/Beloved_(novel),NA_not-pub-domain,,1987.0,1987-11-15,7.0,655.0,BELOVED,,,False,,,,,1987-01-01
121,Beloved,Toni Morrison,1987,English,history,1931,2019,female,eng,US,"united states race relations,racism,african americans,african american women,african american girls,literature","english teachers,college teachers,novelists,authors,writers,university and college faculty members,literature teachers,english teachers of",12806.0,693.0,564.0,111.0,226.0,3.95,"431,996","21,086",276,158,989794.0,109406177,https://www.goodreads.com/book/show/6149.Beloved?ref=nav_sb_ss_1_7,https://en.wikipedia.org/wiki/Beloved_(novel),NA_not-pub-domain,,1987.0,1987-11-22,7.0,655.0,BELOVED,,,False,,,,,1987-01-01
121,Beloved,Toni Morrison,1987,English,history,1931,2019,female,eng,US,"united states race relations,racism,african americans,african american women,african american girls,literature","english teachers,college teachers,novelists,authors,writers,university and college faculty members,literature teachers,english teachers of",12806.0,693.0,564.0,111.0,226.0,3.95,"431,996","21,086",276,158,989794.0,109406177,https://www.goodreads.com/book/show/6149.Beloved?ref=nav_sb_ss_1_7,https://en.wikipedia.org/wiki/Beloved_(novel),NA_not-pub-domain,,1987.0,1987-11-29,8.0,655.0,BELOVED,,,False,,,,,1987-01-01
121,Beloved,Toni Morrison,1987,English,history,1931,2019,female,eng,US,"united states race relations,racism,african americans,african american women,african american girls,literature","english teachers,college teachers,novelists,authors,writers,university and college faculty members,literature teachers,english teachers of",12806.0,693.0,564.0,111.0,226.0,3.95,"431,996","21,086",276,158,989794.0,109406177,https://www.goodreads.com/book/show/6149.Beloved?ref=nav_sb_ss_1_7,https://en.wikipedia.org/wiki/Beloved_(novel),NA_not-pub-domain,,1987.0,1987-12-06,8.0,655.0,BELOVED,,,False,,,,,1987-01-01
121,Beloved,Toni Morrison,1987,English,history,1931,2019,female,eng,US,"united states race relations,racism,african americans,african american women,african american girls,literature","english teachers,college teachers,novelists,authors,writers,university and college faculty members,literature teachers,english teachers of",12806.0,693.0,564.0,111.0,226.0,3.95,"431,996","21,086",276,158,989794.0,109406177,https://www.goodreads.com/book/show/6149.Beloved?ref=nav_sb_ss_1_7,https://en.wikipedia.org/wiki/Beloved_(novel),NA_not-pub-domain,,1987.0,1987-12-13,11.0,655.0,BELOVED,,,False,,,,,1987-01-01
121,Beloved,Toni Morrison,1987,English,history,1931,2019,female,eng,US,"united states race relations,racism,african americans,african american women,african american girls,literature","english teachers,college teachers,novelists,authors,writers,university and college faculty members,literature teachers,english teachers of",12806.0,693.0,564.0,111.0,226.0,3.95,"431,996","21,086",276,158,989794.0,109406177,https://www.goodreads.com/book/show/6149.Beloved?ref=nav_sb_ss_1_7,https://en.wikipedia.org/wiki/Beloved_(novel),NA_not-pub-domain,,1987.0,1987-12-20,11.0,655.0,BELOVED,,,False,,,,,1987-01-01
121,Beloved,Toni Morrison,1987,English,history,1931,2019,female,eng,US,"united states race relations,racism,african americans,african american women,african american girls,literature","english teachers,college teachers,novelists,authors,writers,university and college faculty members,literature teachers,english teachers of",12806.0,693.0,564.0,111.0,226.0,3.95,"431,996","21,086",276,158,989794.0,109406177,https://www.goodreads.com/book/show/6149.Beloved?ref=nav_sb_ss_1_7,https://en.wikipedia.org/wiki/Beloved_(novel),NA_not-pub-domain,,1987.0,1987-12-27,11.0,655.0,BELOVED,,,False,,,,,1987-01-01
121,Beloved,Toni Morrison,1987,English,history,1931,2019,female,eng,US,"united states race relations,racism,african americans,african american women,african american girls,literature","english teachers,college teachers,novelists,authors,writers,university and college faculty members,literature teachers,english teachers of",12806.0,693.0,564.0,111.0,226.0,3.95,"431,996","21,086",276,158,989794.0,109406177,https://www.goodreads.com/book/show/6149.Beloved?ref=nav_sb_ss_1_7,https://en.wikipedia.org/wiki/Beloved_(novel),NA_not-pub-domain,,1988.0,1988-01-03,10.0,655.0,BELOVED,,,False,,,,,1987-01-01
121,Beloved,Toni Morrison,1987,English,history,1931,2019,female,eng,US,"united states race relations,racism,african americans,african american women,african american girls,literature","english teachers,college teachers,novelists,authors,writers,university and college faculty members,literature teachers,english teachers of",12806.0,693.0,564.0,111.0,226.0,3.95,"431,996","21,086",276,158,989794.0,109406177,https://www.goodreads.com/book/show/6149.Beloved?ref=nav_sb_ss_1_7,https://en.wikipedia.org/wiki/Beloved_(novel),NA_not-pub-domain,,1988.0,1988-01-10,10.0,655.0,BELOVED,,,False,,,,,1987-01-01
121,Beloved,Toni Morrison,1987,English,history,1931,2019,female,eng,US,"united states race relations,racism,african americans,african american women,african american girls,literature","english teachers,college teachers,novelists,authors,writers,university and college faculty members,literature teachers,english teachers of",12806.0,693.0,564.0,111.0,226.0,3.95,"431,996","21,086",276,158,989794.0,109406177,https://www.goodreads.com/book/show/6149.Beloved?ref=nav_sb_ss_1_7,https://en.wikipedia.org/wiki/Beloved_(novel),NA_not-pub-domain,,1988.0,1988-01-17,8.0,655.0,BELOVED,,,False,,,,,1987-01-01
121,Beloved,Toni Morrison,1987,English,history,1931,2019,female,eng,US,"united states race relations,racism,african americans,african american women,african american girls,literature","english teachers,college teachers,novelists,authors,writers,university and college faculty members,literature teachers,english teachers of",12806.0,693.0,564.0,111.0,226.0,3.95,"431,996","21,086",276,158,989794.0,109406177,https://www.goodreads.com/book/show/6149.Beloved?ref=nav_sb_ss_1_7,https://en.wikipedia.org/wiki/Beloved_(novel),NA_not-pub-domain,,1988.0,1988-01-24,9.0,655.0,BELOVED,,,False,,,,,1987-01-01
121,Beloved,Toni Morrison,1987,English,history,1931,2019,female,eng,US,"united states race relations,racism,african americans,african american women,african american girls,literature","english teachers,college teachers,novelists,authors,writers,university and college faculty members,literature teachers,english teachers of",12806.0,693.0,564.0,111.0,226.0,3.95,"431,996","21,086",276,158,989794.0,109406177,https://www.goodreads.com/book/show/6149.Beloved?ref=nav_sb_ss_1_7,https://en.wikipedia.org/wiki/Beloved_(novel),NA_not-pub-domain,,1988.0,1988-01-31,11.0,655.0,BELOVED,,,False,,,,,1987-01-01
121,Beloved,Toni Morrison,1987,English,history,1931,2019,female,eng,US,"united states race relations,racism,african americans,african american women,african american girls,literature","english teachers,college teachers,novelists,authors,writers,university and college faculty members,literature teachers,english teachers of",12806.0,693.0,564.0,111.0,226.0,3.95,"431,996","21,086",276,158,989794.0,109406177,https://www.goodreads.com/book/show/6149.Beloved?ref=nav_sb_ss_1_7,https://en.wikipedia.org/wiki/Beloved_(novel),NA_not-pub-domain,,1988.0,1988-02-07,11.0,655.0,BELOVED,,,False,,,,,1987-01-01
121,Beloved,Toni Morrison,1987,English,history,1931,2019,female,eng,US,"united states race relations,racism,african americans,african american women,african american girls,literature","english teachers,college teachers,novelists,authors,writers,university and college faculty members,literature teachers,english teachers of",12806.0,693.0,564.0,111.0,226.0,3.95,"431,996","21,086",276,158,989794.0,109406177,https://www.goodreads.com/book/show/6149.Beloved?ref=nav_sb_ss_1_7,https://en.wikipedia.org/wiki/Beloved_(novel),NA_not-pub-domain,,1988.0,1988-02-14,12.0,655.0,BELOVED,,,False,,,,,1987-01-01
121,Beloved,Toni Morrison,1987,English,history,1931,2019,female,eng,US,"united states race relations,racism,african americans,african american women,african american girls,literature","english teachers,college teachers,novelists,authors,writers,university and college faculty members,literature teachers,english teachers of",12806.0,693.0,564.0,111.0,226.0,3.95,"431,996","21,086",276,158,989794.0,109406177,https://www.goodreads.com/book/show/6149.Beloved?ref=nav_sb_ss_1_7,https://en.wikipedia.org/wiki/Beloved_(novel),NA_not-pub-domain,,1988.0,1988-02-21,12.0,655.0,BELOVED,,,False,,,,,1987-01-01
121,Beloved,Toni Morrison,1987,English,history,1931,2019,female,eng,US,"united states race relations,racism,african americans,african american women,african american girls,literature","english teachers,college teachers,novelists,authors,writers,university and college faculty members,literature teachers,english teachers of",12806.0,693.0,564.0,111.0,226.0,3.95,"431,996","21,086",276,158,989794.0,109406177,https://www.goodreads.com/book/show/6149.Beloved?ref=nav_sb_ss_1_7,https://en.wikipedia.org/wiki/Beloved_(novel),NA_not-pub-domain,,1988.0,1988-02-28,12.0,655.0,BELOVED,,,False,,,,,1987-01-01
121,Beloved,Toni Morrison,1987,English,history,1931,2019,female,eng,US,"united states race relations,racism,african americans,african american women,african american girls,literature","english teachers,college teachers,novelists,authors,writers,university and college faculty members,literature teachers,english teachers of",12806.0,693.0,564.0,111.0,226.0,3.95,"431,996","21,086",276,158,989794.0,109406177,https://www.goodreads.com/book/show/6149.Beloved?ref=nav_sb_ss_1_7,https://en.wikipedia.org/wiki/Beloved_(novel),NA_not-pub-domain,,1988.0,1988-03-06,15.0,655.0,BELOVED,,,False,,,,,1987-01-01
121,Beloved,Toni Morrison,1987,English,history,1931,2019,female,eng,US,"united states race relations,racism,african americans,african american women,african american girls,literature","english teachers,college teachers,novelists,authors,writers,university and college faculty members,literature teachers,english teachers of",12806.0,693.0,564.0,111.0,226.0,3.95,"431,996","21,086",276,158,989794.0,109406177,https://www.goodreads.com/book/show/6149.Beloved?ref=nav_sb_ss_1_7,https://en.wikipedia.org/wiki/Beloved_(novel),NA_not-pub-domain,,1988.0,1988-04-17,7.0,655.0,BELOVED,,,False,,,,,1987-01-01
121,Beloved,Toni Morrison,1987,English,history,1931,2019,female,eng,US,"united states race relations,racism,african americans,african american women,african american girls,literature","english teachers,college teachers,novelists,authors,writers,university and college faculty members,literature teachers,english teachers of",12806.0,693.0,564.0,111.0,226.0,3.95,"431,996","21,086",276,158,989794.0,109406177,https://www.goodreads.com/book/show/6149.Beloved?ref=nav_sb_ss_1_7,https://en.wikipedia.org/wiki/Beloved_(novel),NA_not-pub-domain,,1988.0,1988-04-24,8.0,655.0,BELOVED,,,False,,,,,1987-01-01
121,Beloved,Toni Morrison,1987,English,history,1931,2019,female,eng,US,"united states race relations,racism,african americans,african american women,african american girls,literature","english teachers,college teachers,novelists,authors,writers,university and college faculty members,literature teachers,english teachers of",12806.0,693.0,564.0,111.0,226.0,3.95,"431,996","21,086",276,158,989794.0,109406177,https://www.goodreads.com/book/show/6149.Beloved?ref=nav_sb_ss_1_7,https://en.wikipedia.org/wiki/Beloved_(novel),NA_not-pub-domain,,1988.0,1988-05-01,11.0,655.0,BELOVED,,,False,,,,,1987-01-01
121,Beloved,Toni Morrison,1987,English,history,1931,2019,female,eng,US,"united states race relations,racism,african americans,african american women,african american girls,literature","english teachers,college teachers,novelists,authors,writers,university and college faculty members,literature teachers,english teachers of",12806.0,693.0,564.0,111.0,226.0,3.95,"431,996","21,086",276,158,989794.0,109406177,https://www.goodreads.com/book/show/6149.Beloved?ref=nav_sb_ss_1_7,https://en.wikipedia.org/wiki/Beloved_(novel),NA_not-pub-domain,,1988.0,1988-05-08,11.0,655.0,BELOVED,,,False,,,,,1987-01-01
121,Beloved,Toni Morrison,1987,English,history,1931,2019,female,eng,US,"united states race relations,racism,african americans,african american women,african american girls,literature","english teachers,college teachers,novelists,authors,writers,university and college faculty members,literature teachers,english teachers of",12806.0,693.0,564.0,111.0,226.0,3.95,"431,996","21,086",276,158,989794.0,109406177,https://www.goodreads.com/book/show/6149.Beloved?ref=nav_sb_ss_1_7,https://en.wikipedia.org/wiki/Beloved_(novel),NA_not-pub-domain,,1988.0,1988-05-15,11.0,655.0,BELOVED,,,False,,,,,1987-01-01
121,Beloved,Toni Morrison,1987,English,history,1931,2019,female,eng,US,"united states race relations,racism,african americans,african american women,african american girls,literature","english teachers,college teachers,novelists,authors,writers,university and college faculty members,literature teachers,english teachers of",12806.0,693.0,564.0,111.0,226.0,3.95,"431,996","21,086",276,158,989794.0,109406177,https://www.goodreads.com/book/show/6149.Beloved?ref=nav_sb_ss_1_7,https://en.wikipedia.org/wiki/Beloved_(novel),NA_not-pub-domain,,1988.0,1988-05-29,16.0,655.0,BELOVED,,,False,,,,,1987-01-01
122,Mrs. Dalloway,Virginia Woolf,1925,English,na,1882,1941,female,eng,GB,"intellectuals,feminists,bloomsbury group","publishers and publishing,authors",12579.0,1767.0,1218.0,116.0,122.0,3.79,"303,770","18,117",399,193,183696.0,39385478,https://www.goodreads.com/book/show/14942.Mrs_Dalloway?ref=nav_sb_ss_1_13,https://en.wikipedia.org/wiki/Mrs_Dalloway,https://www.gutenberg.org/cache/epub/71865/pg71865.txt,,,,,,,387439.0,66654.0,True,911.0,1157.0,307.0,71865,1925-01-01
123,To the Lighthouse,Virginia Woolf,1927,English,na,1882,1941,female,eng,GB,"intellectuals,feminists,bloomsbury group","publishers and publishing,authors",12132.0,1027.0,1175.0,126.0,129.0,3.8,"181,798","13,095",394,254,4417475971.0,39385478,https://www.goodreads.com/book/show/59716.To_the_Lighthouse?ref=nav_sb_ss_1_17,https://en.wikipedia.org/wiki/To_the_Lighthouse,unavailable,,,,,,,,,False,,,,,1927-01-01
124,The Magician's Nephew,C.S. Lewis,1955,English,fantasy,1898,1963,male,eng,GB,"science fiction,novels,fiction,childrens literature","scholars,broadcasters,authors",11893.0,491.0,523.0,130.0,234.0,4.05,"537,714","20,664",178,138,3133642096.0,22144877,https://www.goodreads.com/book/show/65605.The_Magician_s_Nephew?ref=nav_sb_ss_1_21,https://en.wikipedia.org/wiki/The_Magician%27s_Nephew,NA_not-pub-domain,,,,,,,,,False,,,,,1955-01-01
125,Harry Potter and the Order of the Phoenix,J.K. Rowling,2003,English,fantasy,1965,ALIVE,female,eng,GB,"young adult fiction,young adult fantasy,fantasy fiction,fantasy,novels","novelists,authors,writers",13641.0,749.0,589.0,96.0,219.0,4.5,"3,360,257","62,909",7,17,3779222179.0,116796842,https://www.goodreads.com/book/show/2.Harry_Potter_and_the_Order_of_the_Phoenix?ref=nav_sb_ss_1_41,https://en.wikipedia.org/wiki/Harry_Potter_and_the_Order_of_the_Phoenix,NA_not-pub-domain,,,,,,,,,False,,,,,2003-01-01
126,The Sun Also Rises,Ernest Hemingway,1926,English,history,1899,1961,male,eng,US,"short stories,novels,journalism,fiction","novelists,journalists",16995.0,474.0,1410.0,55.0,104.0,3.8,"442,318","18,788",395,155,3180.0,97006051,https://www.goodreads.com/book/show/3876.The_Sun_Also_Rises?ref=nav_sb_ss_1_18,https://en.wikipedia.org/wiki/The_Sun_Also_Rises,https://www.gutenberg.org/cache/epub/67138/pg67138.txt,,,,,,,395522.0,70965.0,True,562.0,155.0,172.0,67138,1926-01-01
127,The Good Earth,Pearl S. Buck,1931,English,na,1892,1973,female,eng,US,,"women nobel prize winners,teachers,missionaries,authors",11823.0,941.0,653.0,131.0,207.0,4.0,"248,991","11,610",224,223,267164.0,91868694,https://www.goodreads.com/book/show/1078.The_Good_Earth?ref=nav_sb_ss_1_14,https://en.wikipedia.org/wiki/The_Good_Earth,NA_not-pub-domain,,,,,,,,,False,,,,,1931-01-01
128,Silas Marner,George Eliot,1861,English,na,1819,1880,female,eng,GB,"novels,fiction","translators,poets,novelists,journalists",15313.0,7666.0,1945.0,76.0,58.0,3.68,"86,616","4,871",453,340,2829613261.0,89000553,https://www.goodreads.com/book/show/54539.Silas_Marner?ref=nav_sb_ss_1_12,https://en.wikipedia.org/wiki/Silas_Marner,https://www.gutenberg.org/cache/epub/550/pg550.txt,,,,,,,419105.0,74012.0,True,940.0,345.0,218.0,550,1861-01-01
129,Love in the Time of Cholera,Gabriel García Márquez,1985,Spanish,romance,1927,2014,male,spa,CO,"magic realist fiction,magic realism literature,journalism,screenplays","novelists,journalists,authors",12140.0,419.0,641.0,125.0,210.0,3.94,"502,086","27,128",286,144,533234.0,54147956,https://www.goodreads.com/book/show/9712.Love_in_the_Time_of_Cholera?ref=nav_sb_ss_1_27,https://en.wikipedia.org/wiki/Love_in_the_Time_of_Cholera,NA_not-pub-domain,unavailable,,,,,,,,False,,,,,1985-01-01
130,Rebecca,Daphne Du Maurier,1938,English,romance,1907,1989,female,eng,GB,,author,11533.0,271.0,1116.0,137.0,138.0,4.24,"624,347","39,700",53,125,595203.0,24600806,https://www.goodreads.com/book/show/17899948-rebecca?ref=nav_sb_ss_1_7,https://en.wikipedia.org/wiki/Rebecca_(novel),NA_not-pub-domain,,1938.0,1938-10-03,6.0,3727.0,REBECCA,,,False,,,,,1938-01-01
130,Rebecca,Daphne Du Maurier,1938,English,romance,1907,1989,female,eng,GB,,author,11533.0,271.0,1116.0,137.0,138.0,4.24,"624,347","39,700",53,125,595203.0,24600806,https://www.goodreads.com/book/show/17899948-rebecca?ref=nav_sb_ss_1_7,https://en.wikipedia.org/wiki/Rebecca_(novel),NA_not-pub-domain,,1938.0,1938-10-10,2.0,3727.0,REBECCA,,,False,,,,,1938-01-01
130,Rebecca,Daphne Du Maurier,1938,English,romance,1907,1989,female,eng,GB,,author,11533.0,271.0,1116.0,137.0,138.0,4.24,"624,347","39,700",53,125,595203.0,24600806,https://www.goodreads.com/book/show/17899948-rebecca?ref=nav_sb_ss_1_7,https://en.wikipedia.org/wiki/Rebecca_(novel),NA_not-pub-domain,,1938.0,1938-10-17,2.0,3727.0,REBECCA,,,False,,,,,1938-01-01
130,Rebecca,Daphne Du Maurier,1938,English,romance,1907,1989,female,eng,GB,,author,11533.0,271.0,1116.0,137.0,138.0,4.24,"624,347","39,700",53,125,595203.0,24600806,https://www.goodreads.com/book/show/17899948-rebecca?ref=nav_sb_ss_1_7,https://en.wikipedia.org/wiki/Rebecca_(novel),NA_not-pub-domain,,1938.0,1938-10-24,1.0,3727.0,REBECCA,,,False,,,,,1938-01-01
130,Rebecca,Daphne Du Maurier,1938,English,romance,1907,1989,female,eng,GB,,author,11533.0,271.0,1116.0,137.0,138.0,4.24,"624,347","39,700",53,125,595203.0,24600806,https://www.goodreads.com/book/show/17899948-rebecca?ref=nav_sb_ss_1_7,https://en.wikipedia.org/wiki/Rebecca_(novel),NA_not-pub-domain,,1938.0,1938-10-31,1.0,3727.0,REBECCA,,,False,,,,,1938-01-01
130,Rebecca,Daphne Du Maurier,1938,English,romance,1907,1989,female,eng,GB,,author,11533.0,271.0,1116.0,137.0,138.0,4.24,"624,347","39,700",53,125,595203.0,24600806,https://www.goodreads.com/book/show/17899948-rebecca?ref=nav_sb_ss_1_7,https://en.wikipedia.org/wiki/Rebecca_(novel),NA_not-pub-domain,,1938.0,1938-11-07,1.0,3727.0,REBECCA,,,False,,,,,1938-01-01
130,Rebecca,Daphne Du Maurier,1938,English,romance,1907,1989,female,eng,GB,,author,11533.0,271.0,1116.0,137.0,138.0,4.24,"624,347","39,700",53,125,595203.0,24600806,https://www.goodreads.com/book/show/17899948-rebecca?ref=nav_sb_ss_1_7,https://en.wikipedia.org/wiki/Rebecca_(novel),NA_not-pub-domain,,1938.0,1938-11-14,1.0,3727.0,REBECCA,,,False,,,,,1938-01-01
130,Rebecca,Daphne Du Maurier,1938,English,romance,1907,1989,female,eng,GB,,author,11533.0,271.0,1116.0,137.0,138.0,4.24,"624,347","39,700",53,125,595203.0,24600806,https://www.goodreads.com/book/show/17899948-rebecca?ref=nav_sb_ss_1_7,https://en.wikipedia.org/wiki/Rebecca_(novel),NA_not-pub-domain,,1938.0,1938-11-21,1.0,3727.0,REBECCA,,,False,,,,,1938-01-01
130,Rebecca,Daphne Du Maurier,1938,English,romance,1907,1989,female,eng,GB,,author,11533.0,271.0,1116.0,137.0,138.0,4.24,"624,347","39,700",53,125,595203.0,24600806,https://www.goodreads.com/book/show/17899948-rebecca?ref=nav_sb_ss_1_7,https://en.wikipedia.org/wiki/Rebecca_(novel),NA_not-pub-domain,,1938.0,1938-11-28,2.0,3727.0,REBECCA,,,False,,,,,1938-01-01
130,Rebecca,Daphne Du Maurier,1938,English,romance,1907,1989,female,eng,GB,,author,11533.0,271.0,1116.0,137.0,138.0,4.24,"624,347","39,700",53,125,595203.0,24600806,https://www.goodreads.com/book/show/17899948-rebecca?ref=nav_sb_ss_1_7,https://en.wikipedia.org/wiki/Rebecca_(novel),NA_not-pub-domain,,1938.0,1938-12-05,1.0,3727.0,REBECCA,,,False,,,,,1938-01-01
130,Rebecca,Daphne Du Maurier,1938,English,romance,1907,1989,female,eng,GB,,author,11533.0,271.0,1116.0,137.0,138.0,4.24,"624,347","39,700",53,125,595203.0,24600806,https://www.goodreads.com/book/show/17899948-rebecca?ref=nav_sb_ss_1_7,https://en.wikipedia.org/wiki/Rebecca_(novel),NA_not-pub-domain,,1938.0,1938-12-12,1.0,3727.0,REBECCA,,,False,,,,,1938-01-01
130,Rebecca,Daphne Du Maurier,1938,English,romance,1907,1989,female,eng,GB,,author,11533.0,271.0,1116.0,137.0,138.0,4.24,"624,347","39,700",53,125,595203.0,24600806,https://www.goodreads.com/book/show/17899948-rebecca?ref=nav_sb_ss_1_7,https://en.wikipedia.org/wiki/Rebecca_(novel),NA_not-pub-domain,,1938.0,1938-12-19,1.0,3727.0,REBECCA,,,False,,,,,1938-01-01
130,Rebecca,Daphne Du Maurier,1938,English,romance,1907,1989,female,eng,GB,,author,11533.0,271.0,1116.0,137.0,138.0,4.24,"624,347","39,700",53,125,595203.0,24600806,https://www.goodreads.com/book/show/17899948-rebecca?ref=nav_sb_ss_1_7,https://en.wikipedia.org/wiki/Rebecca_(novel),NA_not-pub-domain,,1938.0,1938-12-26,2.0,3727.0,REBECCA,,,False,,,,,1938-01-01
130,Rebecca,Daphne Du Maurier,1938,English,romance,1907,1989,female,eng,GB,,author,11533.0,271.0,1116.0,137.0,138.0,4.24,"624,347","39,700",53,125,595203.0,24600806,https://www.goodreads.com/book/show/17899948-rebecca?ref=nav_sb_ss_1_7,https://en.wikipedia.org/wiki/Rebecca_(novel),NA_not-pub-domain,,1939.0,1939-01-02,2.0,3727.0,REBECCA,,,False,,,,,1938-01-01
130,Rebecca,Daphne Du Maurier,1938,English,romance,1907,1989,female,eng,GB,,author,11533.0,271.0,1116.0,137.0,138.0,4.24,"624,347","39,700",53,125,595203.0,24600806,https://www.goodreads.com/book/show/17899948-rebecca?ref=nav_sb_ss_1_7,https://en.wikipedia.org/wiki/Rebecca_(novel),NA_not-pub-domain,,1939.0,1939-01-09,1.0,3727.0,REBECCA,,,False,,,,,1938-01-01
130,Rebecca,Daphne Du Maurier,1938,English,romance,1907,1989,female,eng,GB,,author,11533.0,271.0,1116.0,137.0,138.0,4.24,"624,347","39,700",53,125,595203.0,24600806,https://www.goodreads.com/book/show/17899948-rebecca?ref=nav_sb_ss_1_7,https://en.wikipedia.org/wiki/Rebecca_(novel),NA_not-pub-domain,,1939.0,1939-01-16,2.0,3727.0,REBECCA,,,False,,,,,1938-01-01
130,Rebecca,Daphne Du Maurier,1938,English,romance,1907,1989,female,eng,GB,,author,11533.0,271.0,1116.0,137.0,138.0,4.24,"624,347","39,700",53,125,595203.0,24600806,https://www.goodreads.com/book/show/17899948-rebecca?ref=nav_sb_ss_1_7,https://en.wikipedia.org/wiki/Rebecca_(novel),NA_not-pub-domain,,1939.0,1939-01-23,2.0,3727.0,REBECCA,,,False,,,,,1938-01-01
130,Rebecca,Daphne Du Maurier,1938,English,romance,1907,1989,female,eng,GB,,author,11533.0,271.0,1116.0,137.0,138.0,4.24,"624,347","39,700",53,125,595203.0,24600806,https://www.goodreads.com/book/show/17899948-rebecca?ref=nav_sb_ss_1_7,https://en.wikipedia.org/wiki/Rebecca_(novel),NA_not-pub-domain,,1939.0,1939-01-30,2.0,3727.0,REBECCA,,,False,,,,,1938-01-01
130,Rebecca,Daphne Du Maurier,1938,English,romance,1907,1989,female,eng,GB,,author,11533.0,271.0,1116.0,137.0,138.0,4.24,"624,347","39,700",53,125,595203.0,24600806,https://www.goodreads.com/book/show/17899948-rebecca?ref=nav_sb_ss_1_7,https://en.wikipedia.org/wiki/Rebecca_(novel),NA_not-pub-domain,,1939.0,1939-02-06,2.0,3727.0,REBECCA,,,False,,,,,1938-01-01
130,Rebecca,Daphne Du Maurier,1938,English,romance,1907,1989,female,eng,GB,,author,11533.0,271.0,1116.0,137.0,138.0,4.24,"624,347","39,700",53,125,595203.0,24600806,https://www.goodreads.com/book/show/17899948-rebecca?ref=nav_sb_ss_1_7,https://en.wikipedia.org/wiki/Rebecca_(novel),NA_not-pub-domain,,1939.0,1939-02-13,2.0,3727.0,REBECCA,,,False,,,,,1938-01-01
130,Rebecca,Daphne Du Maurier,1938,English,romance,1907,1989,female,eng,GB,,author,11533.0,271.0,1116.0,137.0,138.0,4.24,"624,347","39,700",53,125,595203.0,24600806,https://www.goodreads.com/book/show/17899948-rebecca?ref=nav_sb_ss_1_7,https://en.wikipedia.org/wiki/Rebecca_(novel),NA_not-pub-domain,,1939.0,1939-02-20,2.0,3727.0,REBECCA,,,False,,,,,1938-01-01
130,Rebecca,Daphne Du Maurier,1938,English,romance,1907,1989,female,eng,GB,,author,11533.0,271.0,1116.0,137.0,138.0,4.24,"624,347","39,700",53,125,595203.0,24600806,https://www.goodreads.com/book/show/17899948-rebecca?ref=nav_sb_ss_1_7,https://en.wikipedia.org/wiki/Rebecca_(novel),NA_not-pub-domain,,1939.0,1939-02-27,2.0,3727.0,REBECCA,,,False,,,,,1938-01-01
130,Rebecca,Daphne Du Maurier,1938,English,romance,1907,1989,female,eng,GB,,author,11533.0,271.0,1116.0,137.0,138.0,4.24,"624,347","39,700",53,125,595203.0,24600806,https://www.goodreads.com/book/show/17899948-rebecca?ref=nav_sb_ss_1_7,https://en.wikipedia.org/wiki/Rebecca_(novel),NA_not-pub-domain,,1939.0,1939-03-06,2.0,3727.0,REBECCA,,,False,,,,,1938-01-01
130,Rebecca,Daphne Du Maurier,1938,English,romance,1907,1989,female,eng,GB,,author,11533.0,271.0,1116.0,137.0,138.0,4.24,"624,347","39,700",53,125,595203.0,24600806,https://www.goodreads.com/book/show/17899948-rebecca?ref=nav_sb_ss_1_7,https://en.wikipedia.org/wiki/Rebecca_(novel),NA_not-pub-domain,,1939.0,1939-03-13,2.0,3727.0,REBECCA,,,False,,,,,1938-01-01
130,Rebecca,Daphne Du Maurier,1938,English,romance,1907,1989,female,eng,GB,,author,11533.0,271.0,1116.0,137.0,138.0,4.24,"624,347","39,700",53,125,595203.0,24600806,https://www.goodreads.com/book/show/17899948-rebecca?ref=nav_sb_ss_1_7,https://en.wikipedia.org/wiki/Rebecca_(novel),NA_not-pub-domain,,1939.0,1939-03-20,3.0,3727.0,REBECCA,,,False,,,,,1938-01-01
130,Rebecca,Daphne Du Maurier,1938,English,romance,1907,1989,female,eng,GB,,author,11533.0,271.0,1116.0,137.0,138.0,4.24,"624,347","39,700",53,125,595203.0,24600806,https://www.goodreads.com/book/show/17899948-rebecca?ref=nav_sb_ss_1_7,https://en.wikipedia.org/wiki/Rebecca_(novel),NA_not-pub-domain,,1939.0,1939-03-27,5.0,3727.0,REBECCA,,,False,,,,,1938-01-01
130,Rebecca,Daphne Du Maurier,1938,English,romance,1907,1989,female,eng,GB,,author,11533.0,271.0,1116.0,137.0,138.0,4.24,"624,347","39,700",53,125,595203.0,24600806,https://www.goodreads.com/book/show/17899948-rebecca?ref=nav_sb_ss_1_7,https://en.wikipedia.org/wiki/Rebecca_(novel),NA_not-pub-domain,,1939.0,1939-04-03,3.0,3727.0,REBECCA,,,False,,,,,1938-01-01
130,Rebecca,Daphne Du Maurier,1938,English,romance,1907,1989,female,eng,GB,,author,11533.0,271.0,1116.0,137.0,138.0,4.24,"624,347","39,700",53,125,595203.0,24600806,https://www.goodreads.com/book/show/17899948-rebecca?ref=nav_sb_ss_1_7,https://en.wikipedia.org/wiki/Rebecca_(novel),NA_not-pub-domain,,1939.0,1939-04-10,6.0,3727.0,REBECCA,,,False,,,,,1938-01-01
130,Rebecca,Daphne Du Maurier,1938,English,romance,1907,1989,female,eng,GB,,author,11533.0,271.0,1116.0,137.0,138.0,4.24,"624,347","39,700",53,125,595203.0,24600806,https://www.goodreads.com/book/show/17899948-rebecca?ref=nav_sb_ss_1_7,https://en.wikipedia.org/wiki/Rebecca_(novel),NA_not-pub-domain,,1939.0,1939-04-17,6.0,3727.0,REBECCA,,,False,,,,,1938-01-01
130,Rebecca,Daphne Du Maurier,1938,English,romance,1907,1989,female,eng,GB,,author,11533.0,271.0,1116.0,137.0,138.0,4.24,"624,347","39,700",53,125,595203.0,24600806,https://www.goodreads.com/book/show/17899948-rebecca?ref=nav_sb_ss_1_7,https://en.wikipedia.org/wiki/Rebecca_(novel),NA_not-pub-domain,,1939.0,1939-04-24,7.0,3727.0,REBECCA,,,False,,,,,1938-01-01
130,Rebecca,Daphne Du Maurier,1938,English,romance,1907,1989,female,eng,GB,,author,11533.0,271.0,1116.0,137.0,138.0,4.24,"624,347","39,700",53,125,595203.0,24600806,https://www.goodreads.com/book/show/17899948-rebecca?ref=nav_sb_ss_1_7,https://en.wikipedia.org/wiki/Rebecca_(novel),NA_not-pub-domain,,1939.0,1939-05-01,5.0,3727.0,REBECCA,,,False,,,,,1938-01-01
130,Rebecca,Daphne Du Maurier,1938,English,romance,1907,1989,female,eng,GB,,author,11533.0,271.0,1116.0,137.0,138.0,4.24,"624,347","39,700",53,125,595203.0,24600806,https://www.goodreads.com/book/show/17899948-rebecca?ref=nav_sb_ss_1_7,https://en.wikipedia.org/wiki/Rebecca_(novel),NA_not-pub-domain,,1939.0,1939-05-15,7.0,3727.0,REBECCA,,,False,,,,,1938-01-01
131,Jude the Obscure,Thomas Hardy,1895,English,na,1840,1928,male,eng,GB,english literature,writers,11542.0,6059.0,1076.0,134.0,143.0,3.83,"71,550","4,209",377,361,388272.0,54148778,https://www.goodreads.com/book/show/50798.Jude_the_Obscure?ref=nav_sb_ss_1_16,https://en.wikipedia.org/wiki/Jude_the_Obscure,https://www.gutenberg.org/cache/epub/153/pg153.txt,,,,,,,836633.0,147551.0,True,2032.0,1365.0,613.0,153,1895-01-01
132,Twilight,Stephenie Meyer,2005,English,romance,1973,ALIVE,female,eng,US,,,9646.0,611.0,440.0,194.0,263.0,3.65,"6,536,249","129,360",461,3,2875569170.0,102313919,https://www.goodreads.com/book/show/41865.Twilight?ref=nav_sb_ss_1_8,https://en.wikipedia.org/wiki/Twilight_(Meyer_novel),NA_not-pub-domain,,,,,,,,,False,,,,,2005-01-01
133,A Passage to India,E.M. Forster,1924,English,political,1879,1970,male,eng,GB,,"novelists,essayists",11546.0,672.0,946.0,133.0,158.0,3.68,"79,995","4,164",454,348,362930.0,31996364,https://www.goodreads.com/book/show/45195.A_Passage_to_India?ref=nav_sb_ss_1_18,https://en.wikipedia.org/wiki/A_Passage_to_India,https://www.gutenberg.org/cache/epub/61221/pg61221.txt,,,,,,,605937.0,104836.0,True,1523.0,693.0,563.0,61221,1924-01-01
134,The Plague,Albert Camus,1947,French,na,1913,1960,male,fre,FR,existentialism,"philosophers,journalists,authors",12522.0,474.0,1549.0,117.0,85.0,4.02,"261,066","15,051",203,218,463624.0,97000332,https://www.goodreads.com/book/show/11989.The_Plague?ref=nav_sb_ss_1_10,https://en.wikipedia.org/wiki/The_Plague_(novel),NA_not-pub-domain,unavailable,,,,,,,,False,,,,,1947-01-01
135,Nicholas Nickleby,Charles Dickens,1839,English,bildung,1812,1870,male,eng,GB,english literature,"authors english,writers,novelists",5123.0,2821.0,835.0,477.0,171.0,3.94,"44,671","2,036",287,401,692017.0,88666393,https://www.goodreads.com/book/show/325085.Nicholas_Nickleby?ref=nav_sb_ss_1_17,https://en.wikipedia.org/wiki/Nicholas_Nickleby,https://www.gutenberg.org/cache/epub/967/pg967.txt,,,,,,,1905309.0,325345.0,True,3565.0,1142.0,1000.0,967,1839-01-01
136,The Pearl,John Steinbeck,1947,English,na,1902,1968,male,eng,US,literature,authors,19861.0,583.0,1497.0,34.0,93.0,3.53,"236,508","12,432",483,229,4140851160.0,96992551,https://www.goodreads.com/book/show/5308.The_Pearl?ref=nav_sb_ss_1_9,https://en.wikipedia.org/wiki/The_Pearl_(novella),NA_not-pub-domain,,,,,,,,,False,,,,,1947-01-01
137,Ethan Frome,Edith Wharton,1911,English,na,1862,1937,female,eng,US,"novels,fiction","novelists,designers,authors",11262.0,5061.0,796.0,143.0,178.0,3.44,"126,656","7,443",491,292,1040.0,17230986,https://www.goodreads.com/book/show/5246.Ethan_Frome?ref=nav_sb_ss_1_11,https://en.wikipedia.org/wiki/Ethan_Frome,https://www.gutenberg.org/cache/epub/4517/pg4517.txt,,,,,,,211916.0,37755.0,True,644.0,345.0,129.0,4517,1911-01-01
138,The Tale of Genji,Murasaki Shikibu,1021,Japanese,na,978?,1016?,female,jpn,JP,,,12048.0,628.0,1359.0,127.0,110.0,3.72,"13,275","1,385",430,477,4739789617.0,95154208,https://www.goodreads.com/book/show/7042.The_Tale_of_Genji?ref=nav_sb_ss_1_17,https://en.wikipedia.org/wiki/The_Tale_of_Genji,https://www.gutenberg.org/cache/epub/66057/pg66057.txt,unavailable,,,,,,566389.0,101282.0,True,1720.0,1163.0,284.0,66057,1021-01-01
139,The Giver,Lois Lowry,1993,English,scifi,1937,ALIVE,female,eng,US,,"childrens author,photographer",12471.0,954.0,394.0,118.0,281.0,4.12,"2,459,417","78,879",124,34,50998.0,66470410,https://www.goodreads.com/book/show/3636.The_Giver?ref=nav_sb_ss_1_9,https://en.wikipedia.org/wiki/The_Giver,NA_not-pub-domain,,,,,,,,,False,,,,,1993-01-01
140,The Alchemist,Paulo Coelho,1988,Portuguese,na,1947,ALIVE,male,por,BR,,,11302.0,879.0,994.0,142.0,155.0,3.91,"3,029,282","119,325",313,24,98749.0,52700,https://www.goodreads.com/book/show/18144590-the-alchemist?ref=nav_sb_ss_1_13,https://en.wikipedia.org/wiki/The_Alchemist_(novel),NA_not-pub-domain,unavailable,,,,,,,,False,,,,,1988-01-01
141,The Strange Case of Dr. Jekyll and Mr. Hyde,Robert Louis Stevenson,1886,English,na,1850,1894,male,eng,GB,,"travel writers,poets,novelists",9506.0,7526.0,1598.0,202.0,81.0,3.92,"128,414","2,879",302,287,3435.0,95207986,https://www.goodreads.com/book/show/51497.The_Strange_Case_of_Dr_Jekyll_and_Mr_Hyde_and_Other_Tales_of_Terror?ref=nav_sb_ss_1_43,https://en.wikipedia.org/wiki/Strange_Case_of_Dr_Jekyll_and_Mr_Hyde,https://www.gutenberg.org/cache/epub/43/pg43.txt,,,,,,,161124.0,28691.0,True,336.0,17.0,45.0,43,1886-01-01
142,Robinson Crusoe,Daniel Defoe,1719,English,action,1661?,1731,male,eng,GB,,,9899.0,4110.0,1364.0,181.0,109.0,3.68,"303,303","9,554",455,194,12239308110.0,2283158188232920260006,https://www.goodreads.com/book/show/2932.Robinson_Crusoe?ref=nav_sb_ss_1_15,https://en.wikipedia.org/wiki/Robinson_Crusoe,https://www.gutenberg.org/cache/epub/521/pg521.txt,,,,,,,651450.0,123973.0,True,761.0,65.0,745.0,521,1719-01-01
143,Tender is the Night,F. Scott Fitzgerald,1934,English,na,1896,1940,male,eng,US,"fiction,short stories,novels","novelists,authors",10782.0,487.0,804.0,149.0,177.0,3.79,"135,868","6,781",400,281,433141.0,100254195,https://www.goodreads.com/book/show/46164.Tender_Is_the_Night?ref=nav_sb_ss_1_19,https://en.wikipedia.org/wiki/Tender_Is_the_Night,NA_not-pub-domain,,,,,,,,,False,,,,,1934-01-01
144,The Idiot,Fyodor Dostoyevsky,1869,Russian,history,1821,1881,male,rus,RU,"short stories,philosophy,fiction,essays","philosophers,novelists,essayists,psychologists",9700.0,3096.0,1223.0,189.0,121.0,4.21,"181,000","8,744",62,256,4714472874.0,104023256,https://www.goodreads.com/book/show/12505.The_Idiot?ref=nav_sb_ss_1_9,https://en.wikipedia.org/wiki/The_Idiot,https://www.gutenberg.org/cache/epub/2638/pg2638.txt,,,,,,,1394550.0,244588.0,True,3432.0,1481.0,672.0,2638,1869-01-01
145,Hatchet,Gary Paulsen,1986,English,action,1939,2021,male,eng,US,,authors,11343.0,314.0,276.0,141.0,346.0,3.78,"390,445","18,251",407,167,50999.0,85394550,https://www.goodreads.com/book/show/50.Hatchet?ref=nav_sb_ss_1_7,https://en.wikipedia.org/wiki/Hatchet_(novel),NA_not-pub-domain,,,,,,,,,False,,,,,1986-01-01
146,The Kite Runner,Khaled Hosseini,2003,English,bildung,1965,ALIVE,male,eng,US,"medicine,fiction","physicians,novelists,authors",10428.0,759.0,463.0,162.0,257.0,4.34,"3,129,915","97,291",21,22,4920410008.0,98912036,https://www.goodreads.com/book/show/77203.The_Kite_Runner?ref=nav_sb_ss_1_15,https://en.wikipedia.org/wiki/The_Kite_Runner,NA_not-pub-domain,,,,,,,,,False,,,,,2003-01-01
147,One Flew Over the Cuckoo's Nest,Ken Kesey,1962,English,na,1935,2001,male,eng,US,,"novelists,essayists",11535.0,495.0,576.0,136.0,224.0,4.2,"729,801","15,847",71,111,412983.0,108853111,https://www.goodreads.com/book/show/332613.One_Flew_Over_the_Cuckoo_s_Nest?ref=nav_sb_ss_1_31,https://en.wikipedia.org/wiki/One_Flew_Over_the_Cuckoo%27s_Nest_(novel),NA_not-pub-domain,,,,,,,,,False,,,,,1962-01-01
148,The Portrait of a Lady,Henry James,1881,English,na,1843,1916,male,eng,US,,"authors,writers",12853.0,7368.0,1154.0,110.0,133.0,3.79,"80,269","3,806",401,347,2241396280.0,36920030,https://www.goodreads.com/book/show/264.The_Portrait_of_a_Lady?ref=nav_sb_ss_1_22,https://en.wikipedia.org/wiki/The_Portrait_of_a_Lady,https://www.gutenberg.org/cache/epub/2833/pg2833.txt ; https://www.gutenberg.org/cache/epub/2834/pg2834.txt,,,,,,,,,False,,,,2833,1881-01-01
149,The Outsiders,S.E. Hinton,1967,English,na,1951,ALIVE,female,eng,US,young adult fiction american,,11536.0,520.0,504.0,135.0,240.0,4.12,"1,324,596","46,549",125,65,516044.0,39583594,https://www.goodreads.com/book/show/231804.The_Outsiders?ref=nav_sb_ss_1_13,https://en.wikipedia.org/wiki/The_Outsiders_(novel),NA_not-pub-domain,,,,,,,,,False,,,,,1967-01-01
150,Ben-Hur,Lew Wallace,1880,English,history,1827,1905,male,eng,US,"public administration,military art and science,diplomacy,american literature","territorial governors,generals,diplomats,authors",10477.0,5502.0,1749.0,158.0,70.0,4.03,"35,964","1,381",195,422,145973.0,97214081,https://www.goodreads.com/book/show/387749.Ben_Hur?ref=nav_sb_ss_1_7,https://en.wikipedia.org/wiki/Ben-Hur:_A_Tale_of_the_Christ,https://www.gutenberg.org/cache/epub/2145/pg2145.txt,,,,,,,,,False,,,,2145,1880-01-01
151,The Mayor of Casterbridge,Thomas Hardy,1886,English,na,1840,1928,male,eng,GB,english literature,writers,9460.0,6077.0,1081.0,204.0,142.0,3.85,"62,218","3,034",361,373,3134546132.0,54148778,https://www.goodreads.com/book/show/56759.The_Mayor_of_Casterbridge?ref=nav_sb_ss_1_25,https://en.wikipedia.org/wiki/The_Mayor_of_Casterbridge,https://www.gutenberg.org/cache/epub/143/pg143.txt,,,,,,,684544.0,118295.0,True,1434.0,1031.0,359.0,143,1886-01-01
152,"Cry, The Beloved Country",Alan Paton,1948,English,political,1903,1988,male,eng,ZA,,"novelists,anti apartheid activists",10665.0,202.0,646.0,152.0,209.0,3.92,"74,518","4,796",303,356,398710.0,89302855,https://www.goodreads.com/book/show/6150.Cry_the_Beloved_Country?ref=nav_sb_ss_1_24,"https://en.wikipedia.org/wiki/Cry,_the_Beloved_Country",NA_not-pub-domain,,,,,,,,,False,,,,,1948-01-01
153,The Last Battle,C.S. Lewis,1956,English,fantasy,1898,1963,male,eng,GB,"science fiction,novels,fiction,childrens literature","scholars,broadcasters,authors",9927.0,481.0,331.0,177.0,313.0,4.01,"274,476","10,195",216,206,8907121838.0,22144877,https://www.goodreads.com/book/show/84369.The_Last_Battle?ref=nav_sb_ss_1_15,https://en.wikipedia.org/wiki/The_Last_Battle,NA_not-pub-domain,,,,,,,,,False,,,,,1956-01-01
154,Captains Courageous,Rudyard Kipling,1897,English,bildung,1865,1936,male,eng,GB,"poetry,fiction","poets,novelists,authors",9915.0,2999.0,1051.0,179.0,145.0,3.86,"21,288","1,051",352,462,2790441269.0,7524679,https://www.goodreads.com/book/show/34057.Captains_Courageous?ref=nav_sb_ss_1_19,https://en.wikipedia.org/wiki/Captains_Courageous,https://www.gutenberg.org/cache/epub/2186/pg2186.txt,,,,,,,320888.0,55625.0,True,684.0,141.0,274.0,2186,1897-01-01
155,The Castle,Franz Kafka,1926,German,allegories,1883,1924,male,ger,CZ,"fiction,drawing","novelists,insurance companies employees",10900.0,1959.0,1599.0,148.0,80.0,3.94,"62,214","3,532",288,374,614297.0,56611857,https://www.goodreads.com/book/show/333538.The_Castle?ref=nav_sb_ss_5_10,https://en.wikipedia.org/wiki/The_Castle_(novel),unavailable,unavailable,,,,,,,,False,,,,,1926-01-01
156,The Metamorphosis,Franz Kafka,1915,German,na,1883,1924,male,ger,CZ,"fiction,drawing","novelists,insurance companies employees",15489.0,2842.0,2548.0,70.0,37.0,3.86,"1,043,646","40,290",353,80,3137877240.0,56611857,https://www.goodreads.com/book/show/485894.The_Metamorphosis?ref=nav_sb_ss_1_17,https://en.wikipedia.org/wiki/The_Metamorphosis,https://www.gutenberg.org/cache/epub/5200/pg5200.txt,https://www.gutenberg.org/cache/epub/22367/pg22367.txt,,,,,,140566.0,25063.0,True,508.0,175.0,140.0,5200,1915-01-01
157,The Magic Mountain (Der Zauberberg),Thomas Mann,1924,German,bildung,1875,1955,male,ger,DE,"novels,humanitarianism,essays",authors,12310.0,277.0,1894.0,120.0,64.0,4.13,"49,080","3,552",117,394,4624015673.0,54151065,https://www.goodreads.com/book/show/729376.The_Magic_Mountain?ref=nav_sb_ss_1_35,https://en.wikipedia.org/wiki/The_Magic_Mountain,unavailable,https://www.gutenberg.org/cache/epub/65661/pg65661.txt,,,,,,,,False,,,,,1924-01-01
158,James and the Giant Peach,Roald Dahl,1961,English,na,1916,1990,male,eng,GB,,"screenwriter,poet,novelist",10977.0,456.0,413.0,146.0,273.0,4.03,"470,959","8,920",196,148,573443.0,108159131,https://www.goodreads.com/book/show/6689.James_and_the_Giant_Peach?ref=nav_sb_ss_1_25,https://en.wikipedia.org/wiki/James_and_the_Giant_Peach,NA_not-pub-domain,,,,,,,,,False,,,,,1961-01-01
159,The Horse and His Boy,C.S. Lewis,1954,English,fantasy,1898,1963,male,eng,GB,"science fiction,novels,fiction,childrens literature","scholars,broadcasters,authors",10449.0,543.0,439.0,160.0,264.0,3.91,"348,512","11,973",314,177,527816.0,22144877,https://www.goodreads.com/book/show/84119.The_Horse_and_His_Boy?ref=nav_sb_ss_1_21,https://en.wikipedia.org/wiki/The_Horse_and_His_Boy,NA_not-pub-domain,,,,,,,,,False,,,,,1954-01-01
160,Angels & Demons,Dan Brown,2000,English,thrillers,1964,ALIVE,male,eng,US,"suspense fiction,fiction","novelists american,authors american",,,,,,3.94,"3,183,837","33,786",289,20,,102403515,https://www.goodreads.com/book/show/960.Angels_Demons?ref=nav_sb_ss_1_15,https://en.wikipedia.org/wiki/Angels_%26_Demons,NA_not-pub-domain,,,,,,,,,False,,,,,2000-01-01
161,The Voyage of the Dawn Treader,C.S. Lewis,1952,English,fantasy,1898,1963,male,eng,GB,"science fiction,novels,fiction,childrens literature","scholars,broadcasters,authors",10487.0,532.0,419.0,157.0,272.0,4.09,"467,281","10,772",146,149,527750.0,22144877,https://www.goodreads.com/book/show/140225.The_Voyage_of_the_Dawn_Treader?ref=nav_sb_ss_1_30,https://en.wikipedia.org/wiki/The_Voyage_of_the_Dawn_Treader,NA_not-pub-domain,,,,,,,,,False,,,,,1952-01-01
162,The Bell Jar,Sylvia Plath,1963,English,na,1932,1963,female,eng,US,"poetry,fiction","poets,novelists",10945.0,268.0,581.0,147.0,222.0,4.05,"947,410","54,775",179,85,102704.0,14775269,https://www.goodreads.com/book/show/6514.The_Bell_Jar?ref=nav_sb_ss_1_12,https://en.wikipedia.org/wiki/The_Bell_Jar,NA_not-pub-domain,,,,,,,,,False,,,,,1963-01-01
163,Women in Love,D.H. Lawrence,1920,English,na,1885,1930,male,eng,GB,english literature,"poets,novelists,dramatists",10229.0,3058.0,850.0,168.0,167.0,3.66,"32,095","1,393",460,431,463653.0,95150359,https://www.goodreads.com/book/show/9784.Women_in_Love?ref=nav_sb_ss_1_13,https://en.wikipedia.org/wiki/Women_in_Love,https://www.gutenberg.org/cache/epub/4240/pg4240.txt,,,,,,,1066834.0,183391.0,True,2688.0,2549.0,672.0,4240,1920-01-01
164,The Yearling,Marjorie Kinnan Rawlings,1938,English,na,1896,1953,female,eng,US,,authors,10445.0,172.0,433.0,161.0,267.0,4.02,"28,873","1,395",204,443,4727256870.0,73859015,https://www.goodreads.com/book/show/159582.The_Yearling?ref=nav_sb_ss_1_12,https://en.wikipedia.org/wiki/The_Yearling,NA_not-pub-domain,,,,,,,,,False,,,,,1938-01-01
165,O Pioneers!,Willa Cather,1913,English,na,1873,1947,female,eng,US,,,10613.0,6200.0,499.0,154.0,244.0,3.89,"53,507","4,088",328,388,11527.0,2480701,https://www.goodreads.com/book/show/140963.O_Pioneers_?ref=nav_sb_ss_1_11,https://en.wikipedia.org/wiki/O_Pioneers!,https://www.gutenberg.org/cache/epub/24/pg24.txt,,,,,,,325145.0,58652.0,True,694.0,547.0,258.0,24,1913-01-01
166,The Handmaid's Tale,Margaret Atwood,1985,English,na,1939,,female,eng,CA,"poetry,novels,literature,fiction","environmental activist,poets,novelists,essayists,critics",13920.0,860.0,599.0,92.0,216.0,4.14,"2,031,277","95,560",108,41,140786839.0,109322990,https://www.goodreads.com/book/show/38447.The_Handmaid_s_Tale?ref=nav_sb_ss_1_19,https://en.wikipedia.org/wiki/The_Handmaid%27s_Tale,NA_not-pub-domain,,,,,,,,,False,,,,,1985-01-01
167,The Moonstone,Wilkie Collins,1868,English,mystery,1824,1889,male,eng,GB,,authors english,10308.0,7915.0,1300.0,164.0,116.0,3.91,"92,757","5,971",315,332,548750.0,95173526,https://www.goodreads.com/book/show/6138.The_Moonstone?ref=nav_sb_ss_1_13,https://en.wikipedia.org/wiki/The_Moonstone,https://www.gutenberg.org/cache/epub/155/pg155.txt,,,,,,,,,False,,,,155,1868-01-01
168,The Old Curiosity Shop,Charles Dickens,1841,English,na,1812,1870,male,eng,GB,english literature,"authors english,writers,novelists",10530.0,5455.0,1443.0,155.0,99.0,3.79,"21,844","1,682",402,460,2830002124.0,88666393,https://www.goodreads.com/book/show/429024.The_Old_Curiosity_Shop?ref=nav_sb_ss_1_22,https://en.wikipedia.org/wiki/The_Old_Curiosity_Shop,https://www.gutenberg.org/cache/epub/700/pg700.txt,,,,,,,1258392.0,219028.0,True,2487.0,1187.0,1061.0,700,1841-01-01
169,Little Dorrit,Charles Dickens,1857,English,na,1812,1870,male,eng,GB,english literature,"authors english,writers,novelists",9978.0,5116.0,1466.0,175.0,98.0,4.0,"47,690","2,099",225,398,3485.0,88666393,https://www.goodreads.com/book/show/31250.Little_Dorrit?ref=nav_sb_ss_1_13,https://en.wikipedia.org/wiki/Little_Dorrit,https://www.gutenberg.org/cache/epub/963/pg963.txt,,,,,,,1937158.0,340408.0,True,3901.0,1878.0,878.0,963,1857-01-01
170,Prince Caspian: The Return to Narnia,C.S. Lewis,1951,English,fantasy,1898,1963,male,eng,GB,"science fiction,novels,fiction,childrens literature","scholars,broadcasters,authors",9439.0,432.0,247.0,206.0,367.0,3.98,"435,366","11,713",248,156,2790656012.0,22144877,https://www.goodreads.com/book/show/140222.Prince_Caspian?ref=nav_sb_ss_1_36,https://en.wikipedia.org/wiki/Prince_Caspian,NA_not-pub-domain,,,,,,,,,False,,,,,1951-01-01
171,Sister Carrie,Theodore Dreiser,1900,English,na,1871,1945,male,eng,US,,"political activist,editor,author,political activists,editors,authors",10389.0,4399.0,830.0,163.0,174.0,3.77,"40,062","1,782",413,408,400969.0,4944366,https://www.goodreads.com/book/show/126609.Sister_Carrie?ref=nav_sb_ss_1_13,https://en.wikipedia.org/wiki/Sister_Carrie,https://www.gutenberg.org/cache/epub/233/pg233.txt,,,,,,,918659.0,159518.0,True,2835.0,1917.0,351.0,233,1900-01-01
172,The Silver Chair,C.S. Lewis,1953,English,fantasy,1898,1963,male,eng,GB,"science fiction,novels,fiction,childrens literature","scholars,broadcasters,authors",10306.0,428.0,485.0,165.0,247.0,3.95,"295,811","8,580",277,198,9021031540.0,22144877,https://www.goodreads.com/book/show/65641.The_Silver_Chair?ref=nav_sb_ss_1_16,https://en.wikipedia.org/wiki/The_Silver_Chair,NA_not-pub-domain,,,,,,,,,False,,,,,1953-01-01
173,The Hunger Games,Suzanne Collins,2008,English,scifi,1962,ALIVE,female,eng,US,"young adult fiction,television plays,television authorship,motion picture plays,motion picture authorship","television writers,screenwriters,novelists",10269.0,407.0,212.0,166.0,393.0,4.34,"8,603,378","216,829",22,2,170720867.0,150638554,https://www.goodreads.com/book/show/2767052-the-hunger-games?from_search=true&from_srp=true&qid=XAuY5J89Xg&rank=1,https://en.wikipedia.org/wiki/The_Hunger_Games_(novel),NA_not-pub-domain,,,,,,,,,False,,,,,2008-01-01
174,This Side of Paradise,F. Scott Fitzgerald,1920,English,bildung,1896,1940,male,eng,US,"fiction,short stories,novels","novelists,authors",10059.0,6034.0,612.0,173.0,215.0,3.64,"73,374","4,742",466,357,433248.0,100254195,https://www.goodreads.com/book/show/46165.This_Side_of_Paradise?ref=nav_sb_ss_1_21,https://en.wikipedia.org/wiki/This_Side_of_Paradise,https://www.gutenberg.org/cache/epub/805/pg805.txt,,,,,,,,,False,,,,805,1920-01-01
175,Eugénie Grandet,Honoré de Balzac,1833,French,allegories,1799,1850,male,fre,FR,"literature,drama","novelist,playwright,dramatists,authors french",14071.0,3309.0,2391.0,91.0,43.0,3.79,"23,137","1,184",403,457,266292.0,29529595,https://www.goodreads.com/book/show/59142.Eug_nie_Grandet?ref=nav_sb_ss_1_15,https://en.wikipedia.org/wiki/Eug%C3%A9nie_Grandet,https://www.gutenberg.org/cache/epub/1715/pg1715.txt,https://www.gutenberg.org/cache/epub/11049/pg11049.txt,,,,,,403089.0,68757.0,True,645.0,430.0,176.0,1715,1833-01-01
176,Of Human Bondage,W. Somerset Maugham,1915,English,bildung,1874,1965,male,eng,GB,,"spy,playwright,novelist,intelligence agent",9920.0,2973.0,726.0,178.0,189.0,4.14,"56,881","4,031",109,382,397655.0,66470937,https://www.goodreads.com/book/show/31548.Of_Human_Bondage?ref=nav_sb_ss_1_16,https://en.wikipedia.org/wiki/Of_Human_Bondage,https://www.gutenberg.org/cache/epub/351/pg351.txt,,,,,,,1459206.0,262481.0,True,6576.0,2174.0,1169.0,351,1915-01-01
177,Dream of the Red Chamber,Cao Xueqin,1791,Chinese,na,1717,1763,male,chi,CN,,,6079.0,1765.0,1258.0,451.0,117.0,4.21,"2,140",235,63,497,9463416664.0,100266455,https://www.goodreads.com/book/show/139874.The_Story_of_the_Stone_or_The_Dream_of_the_Red_Chamber_Vol_1,https://en.wikipedia.org/wiki/Dream_of_the_Red_Chamber,https://www.gutenberg.org/cache/epub/9603/pg9603.txt ; https://www.gutenberg.org/cache/epub/9604/pg9604.txt,https://www.gutenberg.org/cache/epub/24264/pg24264.txt,,,,,,,,False,,,,9603,1791-01-01
178,Life of Pi,Yann Martel,2001,English,na,1963,,male,eng,CA,,authors,9834.0,891.0,543.0,184.0,231.0,3.94,"1,616,734","53,171",290,51,54357685.0,85372278,https://www.goodreads.com/book/show/4214.Life_of_Pi?ref=nav_sb_ss_1_10,https://en.wikipedia.org/wiki/Life_of_Pi,NA_not-pub-domain,,,,,,,,,False,,,,,2001-01-01
179,Harry Potter and the Deathly Hallows,J.K. Rowling,2007,English,fantasy,1965,ALIVE,female,eng,GB,"young adult fiction,young adult fantasy,fantasy fiction,fantasy,novels","novelists,authors,writers",11755.0,761.0,404.0,132.0,277.0,4.62,"3,683,808","84,835",1,13,3756773828.0,116796842,https://www.goodreads.com/book/show/136251.Harry_Potter_and_the_Deathly_Hallows?ref=nav_sb_ss_1_36,https://en.wikipedia.org/wiki/Harry_Potter_and_the_Deathly_Hallows,NA_not-pub-domain,,,,,,,,,False,,,,,2007-01-01
180,Invisible Man,Ralph Ellison,1952,English,na,1914,1994,male,eng,US,,"novelists,lecturers,essayists,college teachers",10666.0,410.0,456.0,151.0,259.0,3.91,"186,954","8,217",316,248,463552.0,2481446,https://www.goodreads.com/book/show/16981.Invisible_Man?ref=nav_sb_ss_1_13,https://en.wikipedia.org/wiki/Invisible_Man,NA_not-pub-domain,,,,,,,,,False,,,,,1952-01-01
181,Steppenwolf,Hermann Hesse,1927,German,na,1877,1962,male,ger,DE,"novels,fiction,editing","authors german,novelists,editors",10081.0,1786.0,1562.0,172.0,84.0,4.13,"184,044","8,036",118,251,4730343372.0,41841418,https://www.goodreads.com/book/show/16631.Steppenwolf?ref=nav_sb_ss_1_11,https://en.wikipedia.org/wiki/Steppenwolf_(novel),unavailable,,,,,,,,,False,,,,,1927-01-01
182,The Sorrows of Young Werther,Johann Wolfgang von Goethe,1774,German,autobio,1749,1832,male,ger,DE,,poets,14697.0,4794.0,3706.0,84.0,15.0,3.69,"129,949","8,335",445,286,2261068563.0,24602065,https://www.goodreads.com/book/show/16640.The_Sorrows_of_Young_Werther?ref=nav_sb_ss_1_28,https://en.wikipedia.org/wiki/The_Sorrows_of_Young_Werther,https://www.gutenberg.org/cache/epub/2527/pg2527.txt,https://www.gutenberg.org/cache/epub/2407/pg2407.txt ; https://www.gutenberg.org/cache/epub/2408/pg2408.txt,,,,,,,,False,,,,2527,1774-01-01
183,Bridge to Terabithia,Katherine Paterson,1977,English,fantasy,1932,ALIVE,female,eng,US,"literacy,childrens literature,authorship",authors,10731.0,402.0,320.0,150.0,322.0,4.04,"543,640","16,285",188,137,439504.0,98108465,https://www.goodreads.com/book/show/40940121-bridge-to-terabithia?ref=nav_sb_ss_1_20,https://en.wikipedia.org/wiki/Bridge_to_Terabithia_(novel),NA_not-pub-domain,,,,,,,,,False,,,,,1977-01-01
184,The Invisible Man,H.G. Wells,1897,English,na,1866,1946,male,eng,GB,science fiction,authors,11525.0,6660.0,1317.0,138.0,111.0,3.64,"192,315","9,544",467,244,1153287173.0,97006424,https://www.goodreads.com/book/show/17184.The_Invisible_Man?ref=nav_sb_ss_1_17,https://en.wikipedia.org/wiki/The_Invisible_Man,https://www.gutenberg.org/cache/epub/5230/pg5230.txt,,,,,,,,,False,,,,5230,1897-01-01
185,Holes,Louis Sachar,1998,English,na,1954,ALIVE,male,eng,US,,,10615.0,682.0,320.0,153.0,323.0,4.0,"1,190,912","26,384",226,73,50989.0,85317795,https://www.goodreads.com/book/show/38709.Holes?ref=nav_sb_ss_1_5,https://en.wikipedia.org/wiki/Holes_(novel),NA_not-pub-domain,,,,,,,,,False,,,,,1998-01-01
186,Siddhartha,Hermann Hesse,1922,German,na,1877,1962,male,ger,DE,"novels,fiction,editing","authors german,novelists,editors",11899.0,3642.0,1646.0,129.0,76.0,4.07,"766,357","26,790",165,105,3943467427.0,41841418,https://www.goodreads.com/book/show/52036.Siddhartha?ref=nav_sb_ss_1_10,https://en.wikipedia.org/wiki/Siddhartha_(novel),https://www.gutenberg.org/cache/epub/2500/pg2500.txt,https://www.gutenberg.org/cache/epub/2499/pg2499.txt,,,,,,239818.0,42191.0,True,832.0,66.0,96.0,2500,1922-01-01
187,A Tree Grows in Brooklyn,Betty Smith,1943,English,na,1896,1972,female,eng,US,,"dramatists,authors",9593.0,428.0,393.0,197.0,284.0,4.29,"463,200","26,886",36,150,3373792813.0,79125167,https://www.goodreads.com/book/show/14891.A_Tree_Grows_in_Brooklyn?ref=nav_sb_ss_1_24,https://en.wikipedia.org/wiki/A_Tree_Grows_in_Brooklyn_(novel),NA_not-pub-domain,,,,,,,,,False,,,,,1943-01-01
188,"Through the Looking-Glass, and What Alice Found There",Lewis Carroll,1872,English,fantasy,1832,1898,male,eng,GB,"writing,teaching,photography,mathematics","authors,teachers,photographers,mathematicians",24125.0,6698.0,2694.0,19.0,34.0,4.02,"134,965","4,570",205,282,11561315216.0,66462036,https://www.goodreads.com/book/show/83346.Through_the_Looking_Glass_and_What_Alice_Found_There?ref=nav_sb_ss_1_53,https://en.wikipedia.org/wiki/Through_the_Looking-Glass,https://www.gutenberg.org/cache/epub/12/pg12.txt,,,,,,,188004.0,32789.0,True,189.0,482.0,134.0,12,1872-01-01
189,In Cold Blood,Truman Capote,1966,English,na,1924,1984,male,eng,US,,"screenwriters,dramatists,authors",9649.0,520.0,353.0,193.0,300.0,4.09,"655,404","23,534",147,123,4915129530.0,51686739,https://www.goodreads.com/book/show/168642.In_Cold_Blood?ref=nav_sb_ss_1_13,https://en.wikipedia.org/wiki/In_Cold_Blood,NA_not-pub-domain,,,,,,,,,False,,,,,1966-01-01
190,The House of the Spirits,Isabel Allende,1982,Spanish,na,1942,ALIVE,female,spa,CL,"fiction,novels","authors,novelists",9860.0,302.0,725.0,183.0,192.0,4.28,"266,062","14,720",39,215,149468202.0,61556825,https://www.goodreads.com/book/show/9328.The_House_of_the_Spirits?ref=nav_sb_ss_1_24,https://en.wikipedia.org/wiki/The_House_of_the_Spirits,NA_not-pub-domain,unavailable,,,,,,,,False,,,,,1982-01-01
191,Adam Bede,George Eliot,1859,English,romance,1819,1880,female,eng,GB,"novels,fiction","translators,poets,novelists,journalists",9888.0,4818.0,1398.0,182.0,106.0,3.81,"25,288","1,241",387,450,396911.0,89000553,https://www.goodreads.com/book/show/20563.Adam_Bede?ref=nav_sb_ss_1_9,https://en.wikipedia.org/wiki/Adam_Bede,https://www.gutenberg.org/cache/epub/507/pg507.txt,,,,,,,1195981.0,217115.0,True,2486.0,1966.0,678.0,507,1859-01-01
192,The Betrothed,Alessandro Manzoni,1827,Italian,history,1785,1873,male,ita,IT,literature,,8687.0,909.0,2516.0,229.0,39.0,3.85,"14,973",966,362,472,327272697.0,14356,https://www.goodreads.com/book/show/566328.The_Betrothed?ref=nav_sb_ss_3_13,https://en.wikipedia.org/wiki/The_Betrothed_(Manzoni_novel),https://www.gutenberg.org/cache/epub/35155/pg35155.txt,https://www.gutenberg.org/cache/epub/45334/pg45334.txt,,,,,,986202.0,170784.0,True,2455.0,651.0,741.0,35155,1827-01-01
193,The Book Thief,Markus Zusak,2006,English,history,1975,ALIVE,male,eng,AU,fiction,"authors,writers",9536.0,988.0,383.0,200.0,287.0,4.39,"2,538,966","143,813",18,31,879037.0,238968,https://www.goodreads.com/book/show/19063.The_Book_Thief?ref=nav_sb_ss_1_14,https://en.wikipedia.org/wiki/The_Book_Thief,NA_not-pub-domain,,,,,,,,,False,,,,,2006-01-01
194,Their Eyes Were Watching God,Zora Neale Hurston,1937,English,na,1891,1960,female,eng,US,"vodou research,harlem renaissance,folklore,anthropology","novelists,folklorists,editors,authors,anthropologists",10466.0,454.0,343.0,159.0,308.0,3.98,"344,692","20,411",249,180,195678358.0,62824341,https://www.goodreads.com/book/show/37415.Their_Eyes_Were_Watching_God?ref=nav_sb_ss_1_28,https://en.wikipedia.org/wiki/Their_Eyes_Were_Watching_God,NA_not-pub-domain,,,,,,,,,False,,,,,1937-01-01
195,One Day in the Life of Ivan Denisovich,Aleksandr Isaevich Solzhenitsyn,1962,Russian,na,1918,2008,male,rus,RU,,authors russian,9168.0,251.0,317.0,213.0,325.0,3.98,"113,811","6,023",250,301,365070598.0,95215697,https://www.goodreads.com/book/show/17125.One_Day_in_the_Life_of_Ivan_Denisovich?ref=nav_sb_ss_1_38,https://en.wikipedia.org/wiki/One_Day_in_the_Life_of_Ivan_Denisovich,NA_not-pub-domain,,,,,,,,,False,,,,,1962-01-01
196,The Sea Wolf,Jack London,1904,English,na,1876,1916,male,eng,US,,"novelists american,authors american",18081.0,7967.0,2062.0,46.0,51.0,4.05,"30,339","1,869",180,435,2242253940.0,46764200,https://www.goodreads.com/book/show/43049.The_Sea_Wolf?ref=nav_sb_ss_1_12,https://en.wikipedia.org/wiki/The_Sea-Wolf,https://www.gutenberg.org/cache/epub/1074/pg1074.txt,,,,,,,611316.0,108688.0,True,1020.0,436.0,225.0,1074,1904-01-01
197,Catching Fire,Suzanne Collins,2009,English,scifi,1962,ALIVE,female,eng,US,"young adult fiction,television plays,television authorship,motion picture plays,motion picture authorship","television writers,screenwriters,novelists",10269.0,407.0,212.0,167.0,394.0,4.33,"3,545,636","123,566",26,15,170720867.0,150638554,https://www.goodreads.com/book/show/6148028-catching-fire?ref=nav_sb_ss_1_13,https://en.wikipedia.org/wiki/Catching_Fire,NA_not-pub-domain,,,,,,,,,False,,,,,2009-01-01
198,"Roll of Thunder, Hear My Cry",Mildred D. Taylor,1976,English,history,1943,ALIVE,female,eng,US,childrens literature,author,9669.0,369.0,232.0,192.0,377.0,3.89,"124,507","6,179",329,295,56862.0,266677806,https://www.goodreads.com/book/show/310459.Roll_of_Thunder_Hear_My_Cry?ref=nav_sb_ss_1_28,"https://en.wikipedia.org/wiki/Roll_of_Thunder,_Hear_My_Cry",NA_not-pub-domain,,,,,,,,,False,,,,,1976-01-01
199,Death Comes for the Archbishop,Willa Cather,1927,English,history,1873,1947,female,eng,US,,,9674.0,337.0,435.0,191.0,266.0,3.96,"37,301","3,791",266,419,365590.0,2480701,https://www.goodreads.com/book/show/545951.Death_Comes_for_the_Archbishop?ref=nav_sb_ss_1_30,https://en.wikipedia.org/wiki/Death_Comes_for_the_Archbishop,https://www.gutenberg.org/cache/epub/69730/pg69730.txt,,,,,,,417101.0,72802.0,True,1046.0,132.0,353.0,69730,1927-01-01
200,The House of Mirth,Edith Wharton,1905,English,na,1862,1937,female,eng,US,"novels,fiction","novelists,designers,authors",9724.0,7806.0,688.0,188.0,202.0,3.97,"97,419","6,349",256,323,327260.0,17230986,https://www.goodreads.com/book/show/17728.The_House_of_Mirth?ref=nav_sb_ss_1_18,https://en.wikipedia.org/wiki/The_House_of_Mirth,https://www.gutenberg.org/cache/epub/284/pg284.txt,,,,,,,763922.0,132356.0,True,944.0,2171.0,322.0,284,1905-01-01
201,Light in August,William Faulkner,1932,English,na,1897,1962,male,eng,US,"short stories,novels,fiction",novelists,9748.0,335.0,485.0,185.0,248.0,3.94,"61,696","3,218",291,375,4794.0,39376770,https://www.goodreads.com/book/show/10979.Light_in_August?from_search=true&from_srp=true&qid=e1cnXUzA2Y&rank=1,https://en.wikipedia.org/wiki/Light_in_August,NA_not-pub-domain,,,,,,,,,False,,,,,1932-01-01
202,The Pickwick Papers,Charles Dickens,1837,English,na,1812,1870,male,eng,GB,english literature,"authors english,writers,novelists",5540.0,2368.0,1162.0,470.0,132.0,3.85,"29,651","2,287",363,439,2999490479.0,88666393,https://www.goodreads.com/book/show/229432.The_Pickwick_Papers?from_search=true&from_srp=true&qid=YnFXeRLGLf&rank=1,https://en.wikipedia.org/wiki/The_Pickwick_Papers,https://www.gutenberg.org/cache/epub/580/pg580.txt,,,,,,,1802654.0,303123.0,True,3184.0,491.0,986.0,580,1837-01-01
203,Remembrance of Things Past,Marcel Proust,1913,French,autobio,1871,1922,male,fre,FR,,"novelists,essayists,critics",9909.0,321.0,1074.0,180.0,144.0,4.29,"3,395",317,37,495,2564842575.0,32001793,https://www.goodreads.com/book/show/190576.Remembrance_of_Things_Past?ref=nav_sb_ss_1_26,https://en.wikipedia.org/wiki/In_Search_of_Lost_Time,https://www.gutenberg.org/cache/epub/7178/pg7178.txt,https://www.gutenberg.org/cache/epub/2650/pg2650.txt,,,,,,1121594.0,198277.0,True,2441.0,1720.0,629.0,7178,1913-01-01
204,Barchester Towers and the Warden,Anthony Trollope,1857,English,na,1815,1882,male,eng,GB,novels,novelists,996.0,35.0,21.0,495.0,495.0,4.2,83,10,72,499,3943267553.0,61683295,https://www.goodreads.com/book/show/198186.Barchester_Towers_and_The_Warden?ref=nav_sb_ss_1_32,https://en.wikipedia.org/wiki/Barchester_Towers,https://www.gutenberg.org/cache/epub/3409/pg3409.txt,,,,,,,1133829.0,201300.0,True,3054.0,1778.0,474.0,3409,1857-01-01
205,The Bridge of San Luis Rey,Thornton Wilder,1927,English,history,1897,1975,male,eng,US,,"novelists,dramatists,playwrights",9304.0,223.0,717.0,209.0,197.0,3.79,"34,917","2,682",404,424,396310.0,100167035,https://www.goodreads.com/book/show/92508.The_Bridge_of_San_Luis_Rey?ref=nav_sb_ss_1_26,https://en.wikipedia.org/wiki/The_Bridge_of_San_Luis_Rey,https://gutenberg.org/cache/epub/69768/pg69768.txt,,,,,,,202597.0,35462.0,True,279.0,329.0,107.0,69768,1927-01-01
206,The Help,Kathryn Stockett,2009,English,history,1969,ALIVE,female,eng,US,,author,9222.0,717.0,330.0,211.0,314.0,4.47,"2,749,154","90,220",10,30,139722026.0,68403808,https://www.goodreads.com/book/show/4667024-the-help?ref=nav_sb_ss_1_8,https://en.wikipedia.org/wiki/The_Help,NA_not-pub-domain,,,,,,,,,False,,,,,2009-01-01
207,Murder on the Orient Express,Agatha Christie,1934,English,mystery,1890,1976,female,eng,GB,"poetry,literature,drama","short story writer,novelist english,poet,playwright",9642.0,618.0,875.0,195.0,165.0,4.2,"616,572","39,944",73,127,2829722136.0,71388952,https://www.goodreads.com/book/show/853510.Murder_on_the_Orient_Express?ref=nav_sb_ss_1_28,https://en.wikipedia.org/wiki/Murder_on_the_Orient_Express,NA_not-pub-domain,,,,,,,,,False,,,,,1934-01-01
208,The Lovely Bones,Alice Sebold,2002,English,na,1963,ALIVE,female,eng,US,,novelists,8283.0,580.0,283.0,254.0,343.0,3.85,"2,345,653","46,272",364,36,141600967.0,100246649,https://www.goodreads.com/book/show/12232938-the-lovely-bones?ref=nav_sb_ss_1_16,https://en.wikipedia.org/wiki/The_Lovely_Bones,NA_not-pub-domain,,,,,,,,,False,,,,,2002-01-01
209,The Appeal,John Grisham,2008,English,na,1955,ALIVE,male,eng,US,"motion pictures production and direction,motion picture authorship,law,fiction authorship,acting","screenwriters,novelists,motion picture producers and directors,lawyers,authors,actors",6622.0,624.0,218.0,390.0,385.0,3.63,"57,644","4,711",469,380,115902711.0,7449742,https://www.goodreads.com/book/show/1248179.The_Appeal?ref=nav_sb_ss_2_10,https://en.wikipedia.org/wiki/The_Appeal,NA_not-pub-domain,,,,,,,,,False,,,,,2008-01-01
210,Dombey And Son,Charles Dickens,1848,English,na,1812,1870,male,eng,GB,english literature,"authors english,writers,novelists",9606.0,5740.0,1479.0,196.0,95.0,3.96,"15,748","1,009",267,471,3490.0,88666393,https://www.goodreads.com/book/show/50827.Dombey_and_Son?ref=nav_sb_ss_1_14,https://en.wikipedia.org/wiki/Dombey_and_Son,https://www.gutenberg.org/cache/epub/821/pg821.txt,,,,,,,2051357.0,357979.0,True,3905.0,2247.0,793.0,821,1848-01-01
211,Slaughterhouse-Five,Kurt Vonnegut,1969,English,scifi,1922,2007,male,eng,US,"short stories,science fiction,novels,literature,fiction","novelists,authors",5720.0,674.0,223.0,464.0,384.0,4.1,"1,364,525","39,355",137,62,11510086302.0,71398958,https://www.goodreads.com/book/show/4981.Slaughterhouse_Five?ref=nav_sb_ss_1_19,https://en.wikipedia.org/wiki/Slaughterhouse-Five,NA_not-pub-domain,,,,,,,,,False,,,,,1969-01-01
212,An American Tragedy,Theodore Dreiser,1925,English,romance,1871,1945,male,eng,US,,"political activist,editor,author,political activists,editors,authors",9445.0,542.0,687.0,205.0,203.0,3.96,"36,726","1,631",268,421,439146.0,4944366,https://www.goodreads.com/book/show/331319.An_American_Tragedy?ref=nav_sb_ss_2_19,https://en.wikipedia.org/wiki/An_American_Tragedy,unavailable,,,,,,,,,False,,,,,1925-01-01
213,The Bluest Eye,Toni Morrison,1970,English,bildung,1931,2019,female,eng,US,"united states race relations,racism,african americans,african american women,african american girls,literature","english teachers,college teachers,novelists,authors,writers,university and college faculty members,literature teachers,english teachers of",10212.0,675.0,426.0,170.0,270.0,4.11,"250,073","16,845",130,222,1169431.0,109406177,https://www.goodreads.com/book/show/11337.The_Bluest_Eye?ref=nav_sb_ss_1_14,https://en.wikipedia.org/wiki/The_Bluest_Eye,NA_not-pub-domain,,,,,,,,,False,,,,,1970-01-01
214,Little House In the Big Woods,Laura Ingalls Wilder,1932,English,history,1867,1957,female,eng,US,,women authors,9576.0,204.0,329.0,198.0,315.0,4.2,"268,115","7,826",74,213,3901819946.0,34464422,https://www.goodreads.com/book/show/8337.Little_House_in_the_Big_Woods?ref=nav_sb_ss_1_29,https://en.wikipedia.org/wiki/Little_House_in_the_Big_Woods,NA_not-pub-domain,,,,,,,,,False,,,,,1932-01-01
215,Pippi Longstocking,Astrid Lindgren,1945,Swedish,na,1907,2002,female,swe,SE,"motion picture plays,fiction,childrens stories,childrens literature,screenplays",authors,9102.0,130.0,761.0,216.0,186.0,4.15,"199,322","5,183",102,237,48553453.0,97119817,https://www.goodreads.com/book/show/19302.Pippi_Longstocking?ref=nav_sb_ss_1_18,https://en.wikipedia.org/wiki/Pippi_Longstocking_(novel),NA_not-pub-domain,,,,,,,,,False,,,,,1945-01-01
216,Germinal,Émile Zola,1885,French,political,1840,1902,male,fre,FR,,authors french,9474.0,1006.0,1585.0,203.0,83.0,4.18,"37,549","2,112",82,417,8738.0,32004502,https://www.goodreads.com/book/show/28407.Germinal?ref=nav_sb_ss_1_8,https://en.wikipedia.org/wiki/Germinal_(novel),https://www.gutenberg.org/cache/epub/56528/pg56528.txt,https://www.gutenberg.org/cache/epub/5711/pg5711.txt,,,,,,1039279.0,181131.0,True,2416.0,1017.0,1318.0,56528,1885-01-01
217,The Heart Is a Lonely Hunter,Carson McCullers,1940,English,na,1917,1967,female,eng,US,,"poets,authors,dramatist",9014.0,419.0,548.0,218.0,229.0,3.99,"109,727","8,145",238,306,346771.0,95151447,https://www.goodreads.com/book/show/37380.The_Heart_Is_a_Lonely_Hunter?ref=nav_sb_ss_1_28,https://en.wikipedia.org/wiki/The_Heart_Is_a_Lonely_Hunter,NA_not-pub-domain,,,,,,,,,False,,,,,1940-01-01
218,The Woman In White,Wilkie Collins,1860,English,na,1824,1889,male,eng,GB,,authors english,8726.0,5712.0,1095.0,228.0,141.0,4.01,"153,824","9,855",217,270,2054029760.0,95173526,https://www.goodreads.com/book/show/5890.The_Woman_in_White?ref=nav_sb_ss_1_18,https://en.wikipedia.org/wiki/The_Woman_in_White_(novel),https://www.gutenberg.org/cache/epub/583/pg583.txt,,,,,,,1396433.0,247803.0,True,1631.0,1663.0,369.0,583,1860-01-01
219,"Absalom, Absalom!",William Faulkner,1936,English,na,1897,1962,male,eng,US,"short stories,novels,fiction",novelists,6119.0,102.0,384.0,446.0,286.0,3.98,"44,370","2,797",251,402,407010.0,39376770,https://www.goodreads.com/book/show/373755.Absalom_Absalom_?ref=nav_sb_ss_1_17,"https://en.wikipedia.org/wiki/Absalom,_Absalom!",NA_not-pub-domain,,,,,,,,,False,,,,,1936-01-01
220,A Painted House,John Grisham,2001,English,na,1955,ALIVE,male,eng,US,"motion pictures production and direction,motion picture authorship,law,fiction authorship,acting","screenwriters,novelists,motion picture producers and directors,lawyers,authors,actors",7091.0,444.0,251.0,334.0,364.0,3.75,"93,602","4,927",423,331,689042.0,7449742,https://www.goodreads.com/book/show/5360.A_Painted_House?ref=nav_sb_ss_1_15,https://en.wikipedia.org/wiki/A_Painted_House,NA_not-pub-domain,,,,,,,,,False,,,,,2001-01-01
221,The Girl With the Dragon Tattoo,Stieg Larsson,2005,Swedish,thrillers,1954,2004,male,swe,SE,crime fiction,"journalists,authors swedish",8986.0,749.0,413.0,221.0,274.0,4.17,"3,168,810","77,358",85,21,1807049714.0,54441441,https://www.goodreads.com/book/show/2429135.The_Girl_with_the_Dragon_Tattoo?ref=nav_sb_ss_1_31,https://en.wikipedia.org/wiki/The_Girl_with_the_Dragon_Tattoo,NA_not-pub-domain,,,,,,,,,False,,,,,2005-01-01
222,A Room With a View,E.M. Forster,1908,English,na,1879,1970,male,eng,GB,,"novelists,essayists",8194.0,2681.0,780.0,264.0,182.0,3.9,"183,027","8,578",321,253,351030.0,31996364,https://www.goodreads.com/book/show/3087.A_Room_with_a_View?ref=nav_sb_ss_1_18,https://en.wikipedia.org/wiki/A_Room_with_a_View,https://www.gutenberg.org/cache/epub/2641/pg2641.txt,,,,,,,403520.0,69642.0,True,692.0,814.0,303.0,2641,1908-01-01
223,Watership Down,Richard Adams,1972,English,allegories,1920,2016,male,eng,GB,"childrens literature,poetry,fiction","poets,novelists",9149.0,323.0,364.0,214.0,296.0,4.08,"479,467","17,361",159,147,583122.0,71386171,https://www.goodreads.com/book/show/76620.Watership_Down?ref=nav_sb_ss_1_14,https://en.wikipedia.org/wiki/Watership_Down,NA_not-pub-domain,,,,,,,,,False,,,,,1972-01-01
224,Memoirs of a Geisha,Arthur Golden,1997,English,history,1957,ALIVE,male,eng,US,,"novelists,authors",8359.0,436.0,467.0,246.0,253.0,4.15,"1,994,289","35,826",103,42,533176.0,84008163,https://www.goodreads.com/book/show/929.Memoirs_of_a_Geisha?ref=nav_sb_ss_1_19,https://en.wikipedia.org/wiki/Memoirs_of_a_Geisha,NA_not-pub-domain,,,,,,,,,False,,,,,1997-01-01
225,Our Mutual Friend,Charles Dickens,1865,English,romance,1812,1870,male,eng,GB,english literature,"authors english,writers,novelists",9104.0,4396.0,1212.0,215.0,124.0,4.09,"29,420","1,882",148,440,3481.0,88666393,https://www.goodreads.com/book/show/31244.Our_Mutual_Friend?ref=nav_sb_ss_1_17,https://en.wikipedia.org/wiki/Our_Mutual_Friend,https://www.gutenberg.org/cache/epub/883/pg883.txt,,,,,,,1869451.0,328182.0,True,3222.0,1378.0,848.0,883,1865-01-01
226,Babbitt,Sinclair Lewis,1922,English,na,1885,1951,male,eng,US,,"novelists,nobel prize winners,dramatists",8957.0,4243.0,837.0,223.0,170.0,3.69,"23,543","1,585",446,455,598731.0,39380311,https://www.goodreads.com/book/show/169718.Babbitt?ref=nav_sb_ss_2_7,https://en.wikipedia.org/wiki/Babbitt_(novel),https://www.gutenberg.org/cache/epub/1156/pg1156.txt,,,,,,,737358.0,125753.0,True,1935.0,358.0,538.0,1156,1922-01-01
227,The Red Pony,John Steinbeck,1937,English,bildung,1902,1968,male,eng,US,literature,authors,11450.0,462.0,1021.0,140.0,150.0,3.48,"55,067","2,965",488,386,515675.0,96992551,https://www.goodreads.com/book/show/8732.The_Red_Pony?ref=nav_sb_ss_1_12,https://en.wikipedia.org/wiki/The_Red_Pony,NA_not-pub-domain,,,,,,,,,False,,,,,1937-01-01
228,All the King's Men,Robert Penn Warren,1946,English,political,1905,1989,male,eng,US,"poetry,novels,fiction,literary criticism","poets,novelists,critics",10219.0,260.0,421.0,169.0,271.0,4.09,"63,326","3,223",149,371,27145785.0,61553765,https://www.goodreads.com/book/show/5527.All_the_King_s_Men?ref=nav_sb_ss_1_18,https://en.wikipedia.org/wiki/All_the_King%27s_Men,NA_not-pub-domain,,,,,,,,,False,,,,,1946-01-01
229,Things Fall Apart,Chinua Achebe,1958,English,history,1930,2013,male,eng,NG,,"poets,novelists,college teachers",9295.0,561.0,544.0,210.0,230.0,3.73,"369,511","19,602",427,170,63276.0,24596756,https://www.goodreads.com/book/show/37781.Things_Fall_Apart?ref=nav_sb_ss_1_17,https://en.wikipedia.org/wiki/Things_Fall_Apart,NA_not-pub-domain,,,,,,,,,False,,,,,1958-01-01
230,Lorna Doone,R.D. Blackmore,1869,English,history,1825,1900,male,eng,GB,,,8616.0,2606.0,1231.0,233.0,120.0,3.73,"15,794",769,428,470,469433.0,59105182,https://www.goodreads.com/book/show/73960.Lorna_Doone?ref=nav_sb_ss_1_11,https://en.wikipedia.org/wiki/Lorna_Doone,https://gutenberg.org/cache/epub/17460/pg17460.txt,,,,,,,1500187.0,278344.0,True,1824.0,1502.0,875.0,17460,1869-01-01
231,Johnny Tremain,Esther Forbes,1943,English,history,1891,1967,female,eng,US,,"novelists,historians",8932.0,416.0,267.0,224.0,352.0,3.69,"48,226","2,818",447,395,901486.0,41960359,https://www.goodreads.com/book/show/816870.Johnny_Tremain?ref=nav_sb_ss_1_14,https://en.wikipedia.org/wiki/Johnny_Tremain,NA_not-pub-domain,,,,,,,,,False,,,,,1943-01-01
232,Anne of Avonlea,L.M. Montgomery,1909,English,na,1874,1942,female,eng,CA,"novels,fiction,childrens stories","novelists,authors",8673.0,3635.0,583.0,231.0,220.0,4.22,"197,271","9,507",60,242,1898376306.0,30145542359096640697,https://www.goodreads.com/book/show/77390.Anne_of_Avonlea?ref=nav_sb_ss_1_15,https://en.wikipedia.org/wiki/Anne_of_Avonlea,https://www.gutenberg.org/cache/epub/47/pg47.txt,,,,,,,517539.0,94131.0,True,592.0,926.0,318.0,47,1909-01-01
233,Tuck Everlasting,Natalie Babbitt,1975,English,fantasy,1932,2016,female,eng,US,composition music,"novelists,lyricists,illustrators,composers",8979.0,292.0,241.0,222.0,371.0,3.9,"273,089","11,783",322,207,370058.0,46781308,https://www.goodreads.com/book/show/84981.Tuck_Everlasting?ref=nav_sb_ss_1_16,https://en.wikipedia.org/wiki/Tuck_Everlasting,NA_not-pub-domain,,,,,,,,,False,,,,,1975-01-01
234,The BFG,Roald Dahl,1982,English,na,1916,1990,male,eng,GB,,"screenwriter,poet,novelist",8411.0,456.0,261.0,243.0,354.0,4.23,"479,665","12,414",58,146,595367.0,108159131,https://www.goodreads.com/book/show/6319.The_BFG?ref=nav_sb_ss_1_7,https://en.wikipedia.org/wiki/The_BFG,NA_not-pub-domain,,,,,,,,,False,,,,,1982-01-01
235,Cannery Row,John Steinbeck,1945,English,romance,1902,1968,male,eng,US,literature,authors,8310.0,369.0,464.0,249.0,255.0,4.06,"137,008","7,500",173,280,508536.0,96992551,https://www.goodreads.com/book/show/4799.Cannery_Row?ref=nav_sb_ss_1_11,https://en.wikipedia.org/wiki/Cannery_Row_(novel),NA_not-pub-domain,,,,,,,,,False,,,,,1945-01-01
236,The Joy Luck Club,Amy Tan,1989,English,na,1952,ALIVE,female,eng,US,"picture books,novels,fiction,childrens stories","screenwriters,novelists,librettists,authors",8294.0,441.0,303.0,253.0,333.0,3.97,"681,621","13,087",257,119,881265.0,110768273,https://www.goodreads.com/book/show/7763.The_Joy_Luck_Club?ref=nav_sb_ss_1_17,https://en.wikipedia.org/wiki/The_Joy_Luck_Club_(novel),NA_not-pub-domain,,,,,,,,,False,,,,,1989-01-01
237,The Silmarillion,J.R.R. Tolkien,1977,English,fantasy,1892,1973,male,eng,GB,"poetry,philology,novels,fiction,fantasy fiction,english literature,education higher","poets,philologists,novelists,college teachers,authors",9207.0,375.0,716.0,212.0,198.0,4.0,"290,495","12,944",227,200,50994.0,95218067,https://www.goodreads.com/book/show/7332.The_Silmarillion?ref=nav_sb_ss_1_16,https://en.wikipedia.org/wiki/The_Silmarillion,NA_not-pub-domain,,,,,,,,,False,,,,,1977-01-01
238,Roots,Alex Haley,1976,English,na,1921,1992,male,eng,US,"african diaspora,african americans history","novelists,journalists,authors",8318.0,850.0,250.0,248.0,365.0,4.44,"159,516","4,206",12,268,46904.0,80007399,https://www.goodreads.com/book/show/546018.Roots?ref=nav_sb_ss_2_5,https://en.wikipedia.org/wiki/Roots:_The_Saga_of_an_American_Family,NA_not-pub-domain,,,,,,,,,False,,,,,1976-01-01
239,Little House on the Prairie,Laura Ingalls Wilder,1935,English,autobio,1867,1957,female,eng,US,,women authors,9576.0,204.0,329.0,199.0,316.0,4.21,"289,969","5,566",64,201,3901819946.0,34464422,https://www.goodreads.com/book/show/77767.Little_House_on_the_Prairie?ref=nav_sb_ss_1_27,https://en.wikipedia.org/wiki/Little_House_on_the_Prairie_(novel),NA_not-pub-domain,,,,,,,,,False,,,,,1935-01-01
240,Native Son,Richard Wright,1940,English,na,1908,1960,male,eng,US,"poetry,fiction,essay","poets,novelists,actors",8995.0,280.0,394.0,219.0,282.0,4.03,"98,730","4,966",197,320,325303.0,34464524,https://www.goodreads.com/book/show/15622.Native_Son?ref=nav_sb_ss_1_10,https://en.wikipedia.org/wiki/Native_Son,NA_not-pub-domain,,,,,,,,,False,,,,,1940-01-01
241,Stuart Little,E.B. White,1945,English,action,1899,1985,male,eng,US,childrens literature,author,8897.0,217.0,280.0,226.0,344.0,3.9,"125,340","3,732",323,293,20824622.0,66475004,https://www.goodreads.com/book/show/138959.Stuart_Little?ref=nav_sb_ss_1_13,https://en.wikipedia.org/wiki/Stuart_Little,NA_not-pub-domain,,,,,,,,,False,,,,,1945-01-01
242,Cross Fire,James Patterson,2010,English,na,1947,ALIVE,male,eng,US,"suspense fiction american,advertising","novelists,advertising executives,authors",4462.0,265.0,91.0,488.0,484.0,4.11,"35,423","1,559",131,423,576110566.0,22272314,https://www.goodreads.com/book/show/7856305-cross-fire?ref=nav_sb_ss_1_10,https://en.wikipedia.org/wiki/Cross_Fire_(novel),NA_not-pub-domain,,,,,,,,,False,,,,,2010-01-01
243,The Power and the Glory,Graham Greene,1940,English,mystery,1904,1991,male,eng,GB,"short stories,novels,fiction,drama,spy fiction","novelists,dramatists,authors,spy,novelist,playwrights,playwright,intelligence agent",8600.0,178.0,951.0,235.0,156.0,3.98,"39,283","2,844",252,412,47421550.0,59083415,https://www.goodreads.com/book/show/3690.The_Power_and_the_Glory?ref=nav_sb_ss_1_23,https://en.wikipedia.org/wiki/The_Power_and_the_Glory,NA_not-pub-domain,,,,,,,,,False,,,,,1940-01-01
244,A Clockwork Orange,Anthony Burgess,1962,English,scifi,1917,1993,male,eng,GB,,"novelists english,linguists,critics,composers",8539.0,254.0,662.0,238.0,205.0,4.0,"709,183","20,506",228,114,19858359.0,71388189,https://www.goodreads.com/book/show/41817486-a-clockwork-orange?ref=nav_sb_ss_1_18,https://en.wikipedia.org/wiki/A_Clockwork_Orange_(novel),NA_not-pub-domain,,,,,,,,,False,,,,,1962-01-01
245,The Phantom of the Opera,Gaston Leroux,1910,French,horror,1868,1927,male,fre,FR,,,8513.0,4697.0,840.0,239.0,169.0,3.96,"240,739","11,145",269,226,3373970521.0,19680417,https://www.goodreads.com/book/show/480204.The_Phantom_of_the_Opera?ref=nav_sb_ss_1_24,https://en.wikipedia.org/wiki/The_Phantom_of_the_Opera_(novel),https://www.gutenberg.org/cache/epub/175/pg175.txt,https://www.gutenberg.org/cache/epub/62215/pg62215.txt,,,,,,504728.0,88605.0,True,966.0,361.0,274.0,175,1910-01-01
246,The Martian Chronicles,Ray Bradbury,1950,English,scifi,1920,2012,male,eng,US,"science fiction,literature",author,8226.0,247.0,523.0,261.0,235.0,4.15,"260,278","11,072",104,219,264031.0,12305881,https://www.goodreads.com/book/show/76778.The_Martian_Chronicles?ref=nav_sb_ss_1_22,https://en.wikipedia.org/wiki/The_Martian_Chronicles,NA_not-pub-domain,,,,,,,,,False,,,,,1950-01-01
247,The Road,Cormac McCarthy,2006,English,na,1933,2023,male,eng,US,"drama,motion pictures production and direction,motion picture plays,motion picture authorship,fiction,acting","screenwriters,novelists,motion picture producers and directors,dramatists,actors",8575.0,526.0,270.0,236.0,351.0,3.99,"898,552","58,866",239,92,52364034.0,29558386,https://www.goodreads.com/book/show/6288.The_Road?ref=nav_sb_ss_1_8,https://en.wikipedia.org/wiki/The_Road,NA_not-pub-domain,,,,,,,,,False,,,,,2006-01-01
248,The Way of All Flesh,Samuel Butler,1903,English,na,1835,1902,male,eng,GB,"translating and interpetring,satirical literature,art","translators,satirists,authors,artists",8544.0,4263.0,831.0,237.0,173.0,3.61,"9,194",580,472,487,3497.0,49578292,https://www.goodreads.com/book/show/126512.The_Way_of_All_Flesh?ref=nav_sb_ss_1_20,https://en.wikipedia.org/wiki/The_Way_of_All_Flesh,https://www.gutenberg.org/cache/epub/2084/pg2084.txt,,,,,,,909166.0,165298.0,True,3514.0,930.0,793.0,2084,1903-01-01
249,Diary of a Wimpy Kid: The Long Haul,Jeff Kinney,2014,English,na,1971,ALIVE,male,eng,US,"computer games design,childrens literature,caricatures and cartoons","designers,cartoonists,authors",5563.0,628.0,180.0,468.0,425.0,4.45,22,2,11,500,2999366848.0,30742915,https://www.goodreads.com/book/show/34302304-diary-of-a-wimpy-kid-the-long-haul?ref=nav_sb_ss_2_35,https://en.wikipedia.org/wiki/Diary_of_a_Wimpy_Kid:_The_Long_Haul,NA_not-pub-domain,,,,,,,,,False,,,,,2014-01-01
250,Villette,Charlotte Brontë,1853,English,na,1816,1855,female,eng,GB,"poetry,novels","poets,novelists,governesses",8803.0,4061.0,1104.0,227.0,140.0,3.77,"72,764","5,420",414,358,59951.0,71388025,https://www.goodreads.com/book/show/31173.Villette?ref=nav_sb_ss_1_8,https://en.wikipedia.org/wiki/Villette_(novel),https://www.gutenberg.org/cache/epub/9182/pg9182.txt,,,,,,,1133760.0,195585.0,True,1843.0,1557.0,368.0,9182,1853-01-01
251,The Curious Incident of the Dog In the Night-Time,Mark Haddon,2003,English,mystery,1962,ALIVE,male,eng,GB,"poetry,fiction","teachers,poets,authors",7900.0,696.0,375.0,274.0,288.0,3.89,"1,472,856","55,234",330,60,689359.0,85413157,https://www.goodreads.com/book/show/1618.The_Curious_Incident_of_the_Dog_in_the_Night_Time?ref=nav_sb_ss_1_49,https://en.wikipedia.org/wiki/The_Curious_Incident_of_the_Dog_in_the_Night-Time,NA_not-pub-domain,,,,,,,,,False,,,,,2003-01-01
252,The Mysterious Island,Jules Verne,1875,French,scifi,1828,1905,male,fre,FR,"drama,voyages imaginary,science fiction,poetry,novels,action and adventure fiction","poets,novelists,authors french,playwrights",13543.0,2881.0,2026.0,99.0,55.0,4.13,"53,973","2,365",119,387,25765616.0,76323989,https://www.goodreads.com/book/show/32831.The_Mysterious_Island?ref=nav_sb_ss_1_21,https://en.wikipedia.org/wiki/The_Mysterious_Island,https://www.gutenberg.org/cache/epub/1268/pg1268.txt,https://www.gutenberg.org/cache/epub/14287/pg14287.txt,,,,,,1155085.0,196376.0,True,1439.0,94.0,1169.0,1268,1875-01-01
253,Song of Solomon,Toni Morrison,1977,English,na,1931,2019,female,eng,US,"united states race relations,racism,african americans,african american women,african american girls,literature","english teachers,college teachers,novelists,authors,writers,university and college faculty members,literature teachers,english teachers of",8673.0,377.0,347.0,232.0,303.0,4.14,"112,082","6,204",110,303,50105.0,109406177,https://www.goodreads.com/book/show/11334.Song_of_Solomon?ref=nav_sb_ss_1_15,https://en.wikipedia.org/wiki/Song_of_Solomon_(novel),NA_not-pub-domain,,,,,,,,,False,,,,,1977-01-01
254,Nana,Émile Zola,1880,French,na,1840,1902,male,fre,FR,,authors french,8395.0,2226.0,1602.0,244.0,79.0,3.84,"24,872","1,044",369,452,413083.0,32004502,https://www.goodreads.com/book/show/371456.Nana?ref=nav_sb_ss_3_4,https://en.wikipedia.org/wiki/Nana_(novel),unavailable,https://www.gutenberg.org/cache/epub/5250/pg5250.txt,,,,,,,,False,,,,,1880-01-01
255,Quo Vadis,Henryk Sienkiewicz,1896,Polish,history,1846,1916,male,pol,PL,,authors polish,7439.0,864.0,2057.0,303.0,52.0,4.01,"37,655","2,327",218,415,324987.0,24608122,https://www.goodreads.com/book/show/538845.Quo_Vadis?ref=nav_sb_ss_1_9,https://en.wikipedia.org/wiki/Quo_Vadis_(novel),https://www.gutenberg.org/cache/epub/2853/pg2853.txt,unavailable,,,,,,1204904.0,211544.0,True,3242.0,788.0,817.0,2853,1896-01-01
256,Main Street,Sinclair Lewis,1920,English,na,1885,1951,male,eng,US,,"novelists,nobel prize winners,dramatists",8276.0,3927.0,578.0,256.0,223.0,3.78,"25,815","1,369",408,448,763849.0,39380311,https://www.goodreads.com/book/show/11376.Main_Street?ref=nav_sb_ss_1_11,https://en.wikipedia.org/wiki/Main_Street_(novel),https://www.gutenberg.org/cache/epub/543/pg543.txt,,,,,,,986973.0,169493.0,True,1149.0,1985.0,783.0,543,1920-01-01
257,Matilda,Roald Dahl,1988,English,na,1916,1990,male,eng,GB,,"screenwriter,poet,novelist",10051.0,531.0,662.0,174.0,204.0,4.34,"939,799","23,215",23,87,4928280043.0,108159131,https://www.goodreads.com/book/show/39988.Matilda?ref=nav_sb_ss_1_7,https://en.wikipedia.org/wiki/Matilda_(novel),NA_not-pub-domain,,,,,,,,,False,,,,,1988-01-01
258,Lolita,Vladimir Vladimirovich Nabokov,1955,Russian,romance,1899,1977,male,rus,US,,authors,4798.0,287.0,111.0,483.0,473.0,3.88,"845,526","39,480",334,96,11575702345.0,27069388,https://www.goodreads.com/book/show/7604.Lolita?ref=nav_sb_ss_1_6,https://en.wikipedia.org/wiki/Lolita,NA_not-pub-domain,unavailable,,,,,,,,False,,,,,1955-01-01
259,Paper Towns,John Green,1908,English,bildung,1977,ALIVE,male,eng,US,"novels,fiction authorship,childrens literature authorship,book reviewing","periodical editors,novelists,authors",7132.0,548.0,214.0,327.0,392.0,3.71,"1,349,342","55,833",434,63,125916898.0,41229323,https://www.goodreads.com/book/show/6442769-paper-towns?ref=nav_sb_ss_1_11,https://en.wikipedia.org/wiki/Paper_Towns_(novel),NA_not-pub-domain,,,,,,,,,False,,,,,1908-01-01
260,Sounder,William H. Armstrong,1969,English,na,1914,1999,male,eng,US,education,"history teacher,author",8295.0,240.0,153.0,252.0,453.0,3.97,"30,263","1,425",258,436,369499.0,15905208,https://www.goodreads.com/book/show/598117.Sounder?from_search=true&from_srp=true&qid=ufE8HTKIj2&rank=3,https://en.wikipedia.org/wiki/Sounder_(novel),NA_not-pub-domain,,,,,,,,,False,,,,,1969-01-01
261,"Are You There God? It's Me, Margaret",Judy Blume,1970,English,na,1938,ALIVE,female,eng,US,childrens literature,authors,8238.0,383.0,214.0,260.0,391.0,3.94,"238,301","11,849",292,227,616439.0,111750191,https://www.goodreads.com/book/show/37732.Are_You_There_God_It_s_Me_Margaret?ref=nav_sb_ss_1_36,"https://en.wikipedia.org/wiki/Are_You_There_God%3F_It%27s_Me,_Margaret.",NA_not-pub-domain,,,,,,,,,False,,,,,1970-01-01
262,The Notebook,Nicholas Sparks,1996,English,romance,1965,ALIVE,male,eng,US,"motion pictures production and direction,motion picture authorship,generosity,fiction","screenwriters,philanthropists,motion picture producers and directors,authors",8262.0,542.0,358.0,257.0,299.0,4.15,"1,682,325","25,198",105,50,134586.0,117604749,https://www.goodreads.com/book/show/33648131-the-notebook?ref=nav_sb_ss_1_12,https://en.wikipedia.org/wiki/The_Notebook_(novel),NA_not-pub-domain,,,,,,,,,False,,,,,1996-01-01
263,From the Mixed-Up Files of Mrs. Basil E. Frankweiler,E.L. Konigsburg,1967,English,na,1930,2013,female,eng,US,"young adult fiction,childrens stories","illustrator,author",8418.0,334.0,214.0,242.0,390.0,4.16,"210,158","9,026",91,234,437849.0,85527729,https://www.goodreads.com/book/show/3980.From_the_Mixed_Up_Files_of_Mrs_Basil_E_Frankweiler?ref=nav_sb_ss_1_52,https://en.wikipedia.org/wiki/From_the_Mixed-Up_Files_of_Mrs._Basil_E._Frankweiler,NA_not-pub-domain,,,,,,,,,False,,,,,1967-01-01
264,Atlas Shrugged,Ayn Rand,1957,English,scifi,1905,1982,female,eng,US,objectivism philosophy,"philosophers,authors",8344.0,395.0,258.0,247.0,357.0,3.69,"389,268","20,042",448,168,1107216.0,98139134,https://www.goodreads.com/book/show/662.Atlas_Shrugged?ref=nav_sb_ss_1_14,https://en.wikipedia.org/wiki/Atlas_Shrugged,NA_not-pub-domain,,,,,,,,,False,,,,,1957-01-01
265,The Fountainhead,Ayn Rand,1943,English,na,1905,1982,female,eng,US,objectivism philosophy,"philosophers,authors",8305.0,279.0,324.0,251.0,318.0,3.88,"322,673","14,214",335,184,3372117163.0,98139134,https://www.goodreads.com/book/show/2122.The_Fountainhead?ref=nav_sb_ss_1_16,https://en.wikipedia.org/wiki/The_Fountainhead,NA_not-pub-domain,,,,,,,,,False,,,,,1943-01-01
266,Number the Stars,Lois Lowry,1989,English,history,1937,ALIVE,female,eng,US,,"childrens author,photographer",8686.0,603.0,237.0,230.0,376.0,4.19,"564,735","16,519",78,132,363498.0,66470410,https://www.goodreads.com/book/show/47281.Number_the_Stars?ref=nav_sb_ss_1_16,https://en.wikipedia.org/wiki/Number_the_Stars,NA_not-pub-domain,,,,,,,,,False,,,,,1989-01-01
267,The Firm,John Grisham,1991,English,na,1955,ALIVE,male,eng,US,"motion pictures production and direction,motion picture authorship,law,fiction authorship,acting","screenwriters,novelists,motion picture producers and directors,lawyers,authors,actors",7043.0,556.0,432.0,342.0,268.0,4.06,"622,945","3,772",174,126,1807548139.0,7449742,https://www.goodreads.com/book/show/5358.The_Firm?ref=nav_sb_ss_1_8,https://en.wikipedia.org/wiki/The_Firm_(novel),NA_not-pub-domain,,,,,,,,,False,,,,,1991-01-01
268,Swann's Way,Marcel Proust,1913,French,autobio,1871,1922,male,fre,FR,,"novelists,essayists,critics",8148.0,1838.0,809.0,266.0,176.0,4.14,"59,819","5,331",111,376,4535607059.0,32001793,https://www.goodreads.com/book/show/133539.Swann_s_Way?ref=nav_sb_ss_2_11,https://en.wikipedia.org/wiki/In_Search_of_Lost_Time,https://www.gutenberg.org/cache/epub/7178/pg7178.txt,https://www.gutenberg.org/cache/epub/2650/pg2650.txt,,,,,,1121594.0,198277.0,True,2441.0,1720.0,629.0,7178,1913-01-01
269,Ender's Game,Orson Scott Card,1985,English,scifi,1951,ALIVE,male,eng,US,"science fiction,mainstream fiction,fantasy fiction,computer games",authors,8490.0,310.0,256.0,241.0,361.0,4.31,"1,368,168","49,471",31,61,4915154582.0,116838661,https://www.goodreads.com/book/show/375802.Ender_s_Game?ref=nav_sb_ss_1_12,https://en.wikipedia.org/wiki/Ender%27s_Game,NA_not-pub-domain,,,,,,,,,False,,,,,1985-01-01
270,The Name of the Rose,Umberto Eco,1980,Italian,history,1932,2016,male,ita,IT,semiotics,"semioticians,novelists,college teachers",8612.0,444.0,841.0,234.0,168.0,4.14,"363,123","12,818",112,172,147011.0,108299403,https://www.goodreads.com/book/show/119073.The_Name_of_the_Rose?ref=nav_sb_ss_1_20,https://en.wikipedia.org/wiki/The_Name_of_the_Rose,NA_not-pub-domain,,,,,,,,,False,,,,,1980-01-01
271,A Time to Kill,John Grisham,1989,English,na,1955,ALIVE,male,eng,US,"motion pictures production and direction,motion picture authorship,law,fiction authorship,acting","screenwriters,novelists,motion picture producers and directors,lawyers,authors,actors",7344.0,504.0,311.0,311.0,329.0,4.11,"799,832","6,989",132,102,4820349067.0,7449742,https://www.goodreads.com/book/show/32542.A_Time_to_Kill?ref=nav_sb_ss_1_14,https://en.wikipedia.org/wiki/A_Time_to_Kill_(Grisham_novel),NA_not-pub-domain,,,,,,,,,False,,,,,1989-01-01
272,Water for Elephants,Sara Gruen,2006,English,romance,1969,ALIVE,female,eng,US,"historical fiction,animals",authors,7773.0,769.0,238.0,282.0,374.0,4.11,"1,609,846","62,344",133,52,51287378.0,56867365,https://www.goodreads.com/book/show/43641.Water_for_Elephants?ref=nav_sb_ss_1_19,https://en.wikipedia.org/wiki/Water_for_Elephants,NA_not-pub-domain,,,,,,,,,False,,,,,2006-01-01
273,The Time Machine,H.G. Wells,1895,English,scifi,1866,1946,male,eng,GB,science fiction,authors,11525.0,6660.0,1317.0,139.0,112.0,3.9,"516,589","16,102",324,142,1153287173.0,97006424,https://www.goodreads.com/book/show/2493.The_Time_Machine?ref=nav_sb_ss_1_16,https://en.wikipedia.org/wiki/The_Time_Machine,https://www.gutenberg.org/cache/epub/35/pg35.txt,,,,,,,202498.0,35488.0,True,86.0,35.0,90.0,35,1895-01-01
274,Eragon,Christopher Paolini,2002,English,fantasy,1983,ALIVE,male,eng,US,,author,6499.0,642.0,199.0,408.0,404.0,3.95,"1,767,120","28,002",278,48,224073.0,49468743,https://www.goodreads.com/book/show/113436.Eragon?ref=nav_sb_ss_1_6,https://en.wikipedia.org/wiki/Eragon,NA_not-pub-domain,,,,,,,,,False,,,,,2002-01-01
275,The Hitchhiker's Guide to the Galaxy,Douglas Adams,1979,English,scifi,1952,2001,male,eng,GB,"science fiction,radio plays,novels,screenplays,humorous fiction","screenwriters,radio writers,novelists,humorists,computer game writer,authors",7049.0,625.0,347.0,337.0,305.0,4.23,"1,831,346","45,112",59,44,48268563.0,113230702,https://www.goodreads.com/book/show/11.The_Hitchhiker_s_Guide_to_the_Galaxy?ref=nav_sb_ss_1_36,https://en.wikipedia.org/wiki/The_Hitchhiker%27s_Guide_to_the_Galaxy_(novel),NA_not-pub-domain,,,,,,,,,False,,,,,1979-01-01
276,Buddenbrooks,Thomas Mann,1901,German,na,1875,1955,male,ger,DE,"novels,humanitarianism,essays",authors,5996.0,213.0,913.0,456.0,161.0,4.19,"30,095","1,896",79,437,3373340961.0,54151065,https://www.goodreads.com/book/show/80890.Buddenbrooks?ref=nav_sb_ss_1_12,https://en.wikipedia.org/wiki/Buddenbrooks,https://www.gutenberg.org/cache/epub/72961/pg72961.txt ; https://www.gutenberg.org/cache/epub/72962/pg72962.txt,https://www.gutenberg.org/cache/epub/34811/pg34811.txt,,,,,,,,False,,,,72961,1901-01-01
277,A Thousand Splendid Suns,Khaled Hosseini,2007,English,na,1965,ALIVE,male,eng,US,"medicine,fiction","physicians,novelists,authors",8119.0,523.0,346.0,268.0,306.0,4.43,"1,519,768","75,957",15,56,64284360.0,98912036,https://www.goodreads.com/book/show/128029.A_Thousand_Splendid_Suns?ref=nav_sb_ss_1_24,https://en.wikipedia.org/wiki/A_Thousand_Splendid_Suns,NA_not-pub-domain,,,,,,,,,False,,,,,2007-01-01
278,The Witch of Blackbird Pond,Elizabeth George Speare,1958,English,na,1908,1994,female,eng,US,"teaching,historical fiction,childrens fiction",teacher,8047.0,625.0,199.0,272.0,403.0,4.02,"151,881","7,405",206,272,544690.0,113595381,https://www.goodreads.com/book/show/703292.The_Witch_of_Blackbird_Pond?ref=nav_sb_ss_1_27,https://en.wikipedia.org/wiki/The_Witch_of_Blackbird_Pond,NA_not-pub-domain,,,,,,,,,False,,,,,1958-01-01
279,And Then There Were None,Agatha Christie,1939,English,mystery,1890,1976,female,eng,GB,"poetry,literature,drama","short story writer,novelist english,poet,playwright",6854.0,480.0,328.0,363.0,317.0,4.28,"1,343,305","63,674",40,64,12134180225.0,71388952,https://www.goodreads.com/book/show/16299.And_Then_There_Were_None?ref=nav_sb_ss_1_24,https://en.wikipedia.org/wiki/And_Then_There_Were_None,NA_not-pub-domain,,,,,,,,,False,,,,,1939-01-01
280,A Separate Peace,John Knowles,1959,English,history,1926,2001,male,eng,US,,,8110.0,119.0,245.0,269.0,369.0,3.59,"218,273","9,481",473,231,16756029.0,109382098,https://www.goodreads.com/book/show/5148.A_Separate_Peace?ref=nav_sb_ss_1_16,https://en.wikipedia.org/wiki/A_Separate_Peace,NA_not-pub-domain,,,,,,,,,False,,,,,1959-01-01
281,Breaking Dawn,Stephenie Meyer,2008,English,romance,1973,ALIVE,female,eng,US,,,7614.0,539.0,230.0,292.0,379.0,3.74,"1,697,282","53,451",425,49,102678427.0,102313919,https://www.goodreads.com/book/show/1162543.Breaking_Dawn?ref=nav_sb_ss_1_13,https://en.wikipedia.org/wiki/Breaking_Dawn,NA_not-pub-domain,,,,,,,,,False,,,,,2008-01-01
282,As I Lay Dying,William Faulkner,1930,English,na,1897,1962,male,eng,US,"short stories,novels,fiction",novelists,9419.0,404.0,502.0,207.0,242.0,3.72,"167,360","10,672",431,262,10364.0,39376770,https://www.goodreads.com/book/show/77013.As_I_Lay_Dying?ref=nav_sb_ss_1_14,https://en.wikipedia.org/wiki/As_I_Lay_Dying,NA_not-pub-domain,,,,,,,,,False,,,,,1930-01-01
283,The Girl Who Played With Fire,Stieg Larsson,2009,English,thrillers,1954,2004,male,swe,SE,crime fiction,"journalists,authors swedish",7750.0,691.0,300.0,285.0,335.0,4.25,"920,438","37,170",50,89,4662750558.0,54441441,https://www.goodreads.com/book/show/5060378-the-girl-who-played-with-fire?ref=nav_sb_ss_1_29,https://en.wikipedia.org/wiki/The_Girl_Who_Played_with_Fire,NA_not-pub-domain,,,,,,,,,False,,,,,2009-01-01
284,Where the Red Fern Grows,Wilson Rawls,1961,English,bildung,1913,1984,male,eng,US,author,,7631.0,432.0,139.0,289.0,462.0,4.11,"404,857","13,948",134,163,867654.0,85347485,https://www.goodreads.com/book/show/10365.Where_the_Red_Fern_Grows?ref=nav_sb_ss_1_24,https://en.wikipedia.org/wiki/Where_the_Red_Fern_Grows,NA_not-pub-domain,,,,,,,,,False,,,,,1961-01-01
285,Le Morte D'Arthur,Thomas Malory,1485,English,na,1408?,1471,male,eng,GB,,,7200.0,1172.0,559.0,321.0,228.0,3.92,"37,568","1,171",304,416,3772095712.0,54166393,https://www.goodreads.com/book/show/672875.Le_Morte_d_Arthur?ref=nav_sb_ss_1_17,https://en.wikipedia.org/wiki/Le_Morte_d%27Arthur,https://www.gutenberg.org/cache/epub/1251/pg1251.txt ; https://www.gutenberg.org/cache/epub/1252/pg1252.txt,,,,,,,,,False,,,,1251,1485-01-01
286,Mockingjay,Suzanne Collins,2010,English,scifi,1962,ALIVE,female,eng,US,"young adult fiction,television plays,television authorship,motion picture plays,motion picture authorship","television writers,screenwriters,novelists",8512.0,336.0,206.0,240.0,398.0,4.09,"3,203,569","129,006",150,19,4020415456.0,150638554,https://www.goodreads.com/book/show/7260188-mockingjay?ref=nav_sb_ss_1_10,https://en.wikipedia.org/wiki/Mockingjay,NA_not-pub-domain,,,,,,,,,False,,,,,2010-01-01
287,The Pillars of the Earth,Ken Follett,1989,English,history,1949,ALIVE,male,eng,GB,,novelists,7814.0,701.0,480.0,279.0,250.0,4.34,"760,462","37,340",24,106,1097966.0,64005683,https://www.goodreads.com/book/show/5043.The_Pillars_of_the_Earth?ref=nav_sb_ss_1_24,https://en.wikipedia.org/wiki/The_Pillars_of_the_Earth,NA_not-pub-domain,,,,,,,,,False,,,,,1989-01-01
288,Persian Letters,Montesquieu,1721,French,na,1689,1755,male,fre,FR,,,7262.0,2812.0,1145.0,313.0,134.0,3.65,"7,320",250,462,490,4915288305.0,27069096,https://www.goodreads.com/book/show/509686.Persian_Letters?ref=nav_sb_ss_1_15,https://en.wikipedia.org/wiki/Persian_Letters,unavailable,https://www.gutenberg.org/cache/epub/30268/pg30268.txt ; https://www.gutenberg.org/cache/epub/33856/pg33856.txt,,,,,,,,False,,,,,1721-01-01
289,The Client,John Grisham,1993,English,na,1955,ALIVE,male,eng,US,"motion pictures production and direction,motion picture authorship,law,fiction authorship,acting","screenwriters,novelists,motion picture producers and directors,lawyers,authors,actors",7054.0,510.0,332.0,335.0,311.0,4.05,"444,257","3,228",181,153,334880.0,7449742,https://www.goodreads.com/book/show/5359.The_Client?ref=nav_sb_ss_1_10,https://en.wikipedia.org/wiki/The_Client_(novel),NA_not-pub-domain,,,,,,,,,False,,,,,1993-01-01
290,Sula,Toni Morrison,1973,English,na,1931,2019,female,eng,US,"united states race relations,racism,african americans,african american women,african american girls,literature","english teachers,college teachers,novelists,authors,writers,university and college faculty members,literature teachers,english teachers of",8221.0,390.0,367.0,263.0,294.0,4.02,"97,287","7,449",207,324,181233.0,109406177,https://www.goodreads.com/book/show/11346.Sula?ref=nav_sb_ss_1_4,https://en.wikipedia.org/wiki/Sula_(novel),NA_not-pub-domain,,,,,,,,,False,,,,,1973-01-01
291,Tales of a Fourth Grade Nothing,Judy Blume,1972,English,na,1938,ALIVE,female,eng,US,childrens literature,authors,7829.0,141.0,178.0,277.0,427.0,4.11,"139,000","3,412",135,276,507518.0,111750191,https://www.goodreads.com/book/show/37741.Tales_of_a_Fourth_Grade_Nothing?from_search=true&from_srp=true&qid=fEvhG3jbYR&rank=1,https://en.wikipedia.org/wiki/Tales_of_a_Fourth_Grade_Nothing,NA_not-pub-domain,,,,,,,,,False,,,,,1972-01-01
292,The Merry Adventures of Robin Hood of Great Renown In Nottinghamshire,Howard Pyle,1883,English,na,1853,1911,male,eng,US,,"illustrators,authors",6636.0,2829.0,401.0,389.0,279.0,4.07,"64,249","1,428",166,370,492274.0,12428253,https://www.goodreads.com/book/show/1277190.The_Merry_Adventures_of_Robin_Hood_of_Great_Renown_in_Nottinghamshire?ref=nav_sb_ss_1_69,https://en.wikipedia.org/wiki/The_Merry_Adventures_of_Robin_Hood,https://www.gutenberg.org/cache/epub/10148/pg10148.txt,,,,,,,620902.0,114188.0,True,1918.0,97.0,564.0,10148,1883-01-01
293,Tortilla Flat,John Steinbeck,1935,English,na,1902,1968,male,eng,US,literature,authors,8310.0,369.0,464.0,250.0,256.0,3.83,"55,496","3,378",378,384,508536.0,96992551,https://www.goodreads.com/book/show/163977.Tortilla_Flat?ref=nav_sb_ss_1_13,https://en.wikipedia.org/wiki/Tortilla_Flat,NA_not-pub-domain,,,,,,,,,False,,,,,1935-01-01
294,"Look Homeward, Angel",Thomas Wolfe,1929,English,na,1900,1938,male,eng,US,,novelists,7888.0,111.0,370.0,275.0,292.0,3.92,"14,790","1,273",305,473,4918332803.0,54155795,https://www.goodreads.com/book/show/12448.Look_Homeward_Angel?ref=nav_sb_ss_1_20,"https://en.wikipedia.org/wiki/Look_Homeward,_Angel",NA_not-pub-domain,,,,,,,,,False,,,,,1929-01-01
295,The Mystery of Edwin Drood,Charles Dickens,1870,English,na,1812,1870,male,eng,GB,english literature,"authors english,writers,novelists",7338.0,4480.0,1306.0,312.0,115.0,3.67,"12,253","1,003",458,480,3493.0,88666393,https://www.goodreads.com/book/show/329957.The_Mystery_of_Edwin_Drood?ref=nav_sb_ss_1_26,https://en.wikipedia.org/wiki/The_Mystery_of_Edwin_Drood,https://www.gutenberg.org/cache/epub/564/pg564.txt,,,,,,,571267.0,98795.0,True,1015.0,310.0,238.0,564,1870-01-01
296,Brideshead Revisited,Evelyn Waugh,1945,English,na,1903,1966,male,eng,GB,,,6275.0,161.0,351.0,431.0,301.0,4.0,"112,443","6,771",229,302,3772470840.0,68937142,https://www.goodreads.com/book/show/30933.Brideshead_Revisited?ref=nav_sb_ss_1_20,https://en.wikipedia.org/wiki/Brideshead_Revisited,NA_not-pub-domain,,,,,,,,,False,,,,,1945-01-01
297,The Pelican Brief,John Grisham,1992,English,mystery,1955,ALIVE,male,eng,US,"motion pictures production and direction,motion picture authorship,law,fiction authorship,acting","screenwriters,novelists,motion picture producers and directors,lawyers,authors,actors",6715.0,461.0,360.0,376.0,298.0,4.05,"427,885","3,454",182,159,835069.0,7449742,https://www.goodreads.com/book/show/32499.The_Pelican_Brief?ref=nav_sb_ss_1_17,https://en.wikipedia.org/wiki/The_Pelican_Brief,NA_not-pub-domain,,,,,,,,,False,,,,,1992-01-01
298,Atonement,Ian McEwan,2001,English,na,1948,ALIVE,male,eng,GB,"playwriting,motion picture authorship","screenwriters,dramatists,authors",7565.0,1135.0,324.0,295.0,319.0,3.94,"517,674","22,428",293,141,799582.0,109587997,https://www.goodreads.com/book/show/6867.Atonement?ref=nav_sb_ss_1_9#CommunityReviews,https://en.wikipedia.org/wiki/Atonement_(novel),NA_not-pub-domain,,2002.0,2002-03-31,4.0,543.0,ATONEMENT,,,False,,,,,2001-01-01
298,Atonement,Ian McEwan,2001,English,na,1948,ALIVE,male,eng,GB,"playwriting,motion picture authorship","screenwriters,dramatists,authors",7565.0,1135.0,324.0,295.0,319.0,3.94,"517,674","22,428",293,141,799582.0,109587997,https://www.goodreads.com/book/show/6867.Atonement?ref=nav_sb_ss_1_9#CommunityReviews,https://en.wikipedia.org/wiki/Atonement_(novel),NA_not-pub-domain,,2002.0,2002-04-07,7.0,543.0,ATONEMENT,,,False,,,,,2001-01-01
298,Atonement,Ian McEwan,2001,English,na,1948,ALIVE,male,eng,GB,"playwriting,motion picture authorship","screenwriters,dramatists,authors",7565.0,1135.0,324.0,295.0,319.0,3.94,"517,674","22,428",293,141,799582.0,109587997,https://www.goodreads.com/book/show/6867.Atonement?ref=nav_sb_ss_1_9#CommunityReviews,https://en.wikipedia.org/wiki/Atonement_(novel),NA_not-pub-domain,,2002.0,2002-04-14,8.0,543.0,ATONEMENT,,,False,,,,,2001-01-01
298,Atonement,Ian McEwan,2001,English,na,1948,ALIVE,male,eng,GB,"playwriting,motion picture authorship","screenwriters,dramatists,authors",7565.0,1135.0,324.0,295.0,319.0,3.94,"517,674","22,428",293,141,799582.0,109587997,https://www.goodreads.com/book/show/6867.Atonement?ref=nav_sb_ss_1_9#CommunityReviews,https://en.wikipedia.org/wiki/Atonement_(novel),NA_not-pub-domain,,2002.0,2002-04-21,7.0,543.0,ATONEMENT,,,False,,,,,2001-01-01
298,Atonement,Ian McEwan,2001,English,na,1948,ALIVE,male,eng,GB,"playwriting,motion picture authorship","screenwriters,dramatists,authors",7565.0,1135.0,324.0,295.0,319.0,3.94,"517,674","22,428",293,141,799582.0,109587997,https://www.goodreads.com/book/show/6867.Atonement?ref=nav_sb_ss_1_9#CommunityReviews,https://en.wikipedia.org/wiki/Atonement_(novel),NA_not-pub-domain,,2002.0,2002-04-28,7.0,543.0,ATONEMENT,,,False,,,,,2001-01-01
298,Atonement,Ian McEwan,2001,English,na,1948,ALIVE,male,eng,GB,"playwriting,motion picture authorship","screenwriters,dramatists,authors",7565.0,1135.0,324.0,295.0,319.0,3.94,"517,674","22,428",293,141,799582.0,109587997,https://www.goodreads.com/book/show/6867.Atonement?ref=nav_sb_ss_1_9#CommunityReviews,https://en.wikipedia.org/wiki/Atonement_(novel),NA_not-pub-domain,,2002.0,2002-05-05,12.0,543.0,ATONEMENT,,,False,,,,,2001-01-01
298,Atonement,Ian McEwan,2001,English,na,1948,ALIVE,male,eng,GB,"playwriting,motion picture authorship","screenwriters,dramatists,authors",7565.0,1135.0,324.0,295.0,319.0,3.94,"517,674","22,428",293,141,799582.0,109587997,https://www.goodreads.com/book/show/6867.Atonement?ref=nav_sb_ss_1_9#CommunityReviews,https://en.wikipedia.org/wiki/Atonement_(novel),NA_not-pub-domain,,2002.0,2002-05-12,10.0,543.0,ATONEMENT,,,False,,,,,2001-01-01
298,Atonement,Ian McEwan,2001,English,na,1948,ALIVE,male,eng,GB,"playwriting,motion picture authorship","screenwriters,dramatists,authors",7565.0,1135.0,324.0,295.0,319.0,3.94,"517,674","22,428",293,141,799582.0,109587997,https://www.goodreads.com/book/show/6867.Atonement?ref=nav_sb_ss_1_9#CommunityReviews,https://en.wikipedia.org/wiki/Atonement_(novel),NA_not-pub-domain,,2002.0,2002-05-19,9.0,543.0,ATONEMENT,,,False,,,,,2001-01-01
298,Atonement,Ian McEwan,2001,English,na,1948,ALIVE,male,eng,GB,"playwriting,motion picture authorship","screenwriters,dramatists,authors",7565.0,1135.0,324.0,295.0,319.0,3.94,"517,674","22,428",293,141,799582.0,109587997,https://www.goodreads.com/book/show/6867.Atonement?ref=nav_sb_ss_1_9#CommunityReviews,https://en.wikipedia.org/wiki/Atonement_(novel),NA_not-pub-domain,,2002.0,2002-05-26,10.0,543.0,ATONEMENT,,,False,,,,,2001-01-01
298,Atonement,Ian McEwan,2001,English,na,1948,ALIVE,male,eng,GB,"playwriting,motion picture authorship","screenwriters,dramatists,authors",7565.0,1135.0,324.0,295.0,319.0,3.94,"517,674","22,428",293,141,799582.0,109587997,https://www.goodreads.com/book/show/6867.Atonement?ref=nav_sb_ss_1_9#CommunityReviews,https://en.wikipedia.org/wiki/Atonement_(novel),NA_not-pub-domain,,2002.0,2002-06-02,13.0,543.0,ATONEMENT,,,False,,,,,2001-01-01
298,Atonement,Ian McEwan,2001,English,na,1948,ALIVE,male,eng,GB,"playwriting,motion picture authorship","screenwriters,dramatists,authors",7565.0,1135.0,324.0,295.0,319.0,3.94,"517,674","22,428",293,141,799582.0,109587997,https://www.goodreads.com/book/show/6867.Atonement?ref=nav_sb_ss_1_9#CommunityReviews,https://en.wikipedia.org/wiki/Atonement_(novel),NA_not-pub-domain,,2002.0,2002-06-09,13.0,543.0,ATONEMENT,,,False,,,,,2001-01-01
298,Atonement,Ian McEwan,2001,English,na,1948,ALIVE,male,eng,GB,"playwriting,motion picture authorship","screenwriters,dramatists,authors",7565.0,1135.0,324.0,295.0,319.0,3.94,"517,674","22,428",293,141,799582.0,109587997,https://www.goodreads.com/book/show/6867.Atonement?ref=nav_sb_ss_1_9#CommunityReviews,https://en.wikipedia.org/wiki/Atonement_(novel),NA_not-pub-domain,,2002.0,2002-06-16,15.0,543.0,ATONEMENT,,,False,,,,,2001-01-01
298,Atonement,Ian McEwan,2001,English,na,1948,ALIVE,male,eng,GB,"playwriting,motion picture authorship","screenwriters,dramatists,authors",7565.0,1135.0,324.0,295.0,319.0,3.94,"517,674","22,428",293,141,799582.0,109587997,https://www.goodreads.com/book/show/6867.Atonement?ref=nav_sb_ss_1_9#CommunityReviews,https://en.wikipedia.org/wiki/Atonement_(novel),NA_not-pub-domain,,2002.0,2002-06-23,15.0,543.0,ATONEMENT,,,False,,,,,2001-01-01
298,Atonement,Ian McEwan,2001,English,na,1948,ALIVE,male,eng,GB,"playwriting,motion picture authorship","screenwriters,dramatists,authors",7565.0,1135.0,324.0,295.0,319.0,3.94,"517,674","22,428",293,141,799582.0,109587997,https://www.goodreads.com/book/show/6867.Atonement?ref=nav_sb_ss_1_9#CommunityReviews,https://en.wikipedia.org/wiki/Atonement_(novel),NA_not-pub-domain,,2003.0,2003-02-02,15.0,543.0,ATONEMENT,,,False,,,,,2001-01-01
299,Washington Square,Henry James,1880,English,na,1843,1916,male,eng,US,,"authors,writers",7798.0,4331.0,784.0,281.0,180.0,3.7,"23,257","1,997",438,456,570594.0,36920030,https://www.goodreads.com/book/show/133954.Washington_Square?ref=nav_sb_ss_1_17,https://en.wikipedia.org/wiki/Washington_Square_(novel),https://www.gutenberg.org/cache/epub/2870/pg2870.txt,,,,,,,384725.0,66815.0,True,1001.0,1178.0,105.0,2870,1880-01-01
300,Like Water for Chocolate,Laura Esquivel,1989,Spanish,romance,1950,ALIVE,female,spa,MX,"motion picture authorship,fiction,acting","screenwriters,novelists,authors,actresses,actors",4782.0,189.0,50.0,484.0,491.0,3.95,"365,541","13,400",279,171,4916810130.0,113190161,https://www.goodreads.com/book/show/6952.Like_Water_for_Chocolate?ref=nav_sb_ss_1_24,https://en.wikipedia.org/wiki/Like_Water_for_Chocolate_(novel),NA_not-pub-domain,unavailable,,,,,,,,False,,,,,1989-01-01
301,The Golden Compass,Philip Pullman,1995,English,na,1946,ALIVE,male,eng,GB,,"authors,teachers,dramatists",6923.0,561.0,112.0,356.0,472.0,4.02,"1,519,979","27,728",208,55,3376157456.0,115199438,https://www.goodreads.com/book/show/119322.The_Golden_Compass?ref=nav_sb_ss_1_18,https://en.wikipedia.org/wiki/Northern_Lights_(Pullman_novel),NA_not-pub-domain,,,,,,,,,False,,,,,1995-01-01
302,The Secret Life of Bees,Sue Monk Kidd,2001,English,na,1948,ALIVE,female,eng,US,"nursing,fiction,education","nurses,educators,authors",7654.0,520.0,196.0,287.0,408.0,4.09,"1,287,367","35,515",151,66,733897.0,3327561,https://www.goodreads.com/book/show/37435.The_Secret_Life_of_Bees?ref=nav_sb_ss_1_23,https://en.wikipedia.org/wiki/The_Secret_Life_of_Bees_(novel),NA_not-pub-domain,,,,,,,,,False,,,,,2001-01-01
303,The Fault In Our Stars,John Green,2012,English,romance,1977,ALIVE,male,eng,US,"novels,fiction authorship,childrens literature authorship,book reviewing","periodical editors,novelists,authors",8222.0,656.0,308.0,262.0,331.0,4.14,"5,106,984","178,231",113,6,1035140436.0,41229323,https://www.goodreads.com/book/show/11870085-the-fault-in-our-stars?ref=nav_sb_ss_1_22,https://en.wikipedia.org/wiki/The_Fault_in_Our_Stars,NA_not-pub-domain,,,,,,,,,False,,,,,2012-01-01
304,Nostromo,Joseph Conrad,1904,English,political,1857,1924,male,eng,GB,english literature,novelists,7976.0,4800.0,939.0,273.0,159.0,3.81,"16,888",824,388,468,196528323.0,73862853,https://www.goodreads.com/book/show/115476.Nostromo?ref=nav_sb_ss_1_8,https://en.wikipedia.org/wiki/Nostromo,https://www.gutenberg.org/cache/epub/2021/pg2021.txt,,,,,,,1004795.0,173477.0,True,1900.0,406.0,273.0,2021,1904-01-01
305,Finnegans Wake,James Joyce,1939,English,na,1882,1941,male,eng,IE,"short stories,novels",novelists,8108.0,211.0,561.0,270.0,227.0,3.68,"12,857","1,217",456,478,613184.0,44300643,https://www.goodreads.com/book/show/11013.Finnegans_Wake?ref=nav_sb_ss_1_14,https://en.wikipedia.org/wiki/Finnegans_Wake,NA_not-pub-domain,,,,,,,,,False,,,,,1939-01-01
306,The Brethren,John Grisham,2000,English,thrillers,1955,ALIVE,male,eng,US,"motion pictures production and direction,motion picture authorship,law,fiction authorship,acting","screenwriters,novelists,motion picture producers and directors,lawyers,authors,actors",7482.0,539.0,350.0,300.0,302.0,3.76,"95,463","2,370",417,328,831842.0,7449742,https://www.goodreads.com/book/show/5354.The_Brethren?ref=nav_sb_ss_1_12,https://en.wikipedia.org/wiki/The_Brethren_(Grisham_novel),NA_not-pub-domain,,,,,,,,,False,,,,,2000-01-01
307,Coraline,Neil Gaiman,2002,English,na,1960,ALIVE,male,eng,GB,"motion picture plays,horror tales,graphic novels,fiction,fantasy fiction",authors,8129.0,710.0,365.0,267.0,295.0,4.12,"686,847","36,496",126,118,5611516991.0,103859257,https://www.goodreads.com/book/show/17061.Coraline?ref=nav_sb_ss_1_8,https://en.wikipedia.org/wiki/Coraline,NA_not-pub-domain,,,,,,,,,False,,,,,2002-01-01
308,Heart of Darkness,Joseph Conrad,1902,English,na,1857,1924,male,eng,GB,english literature,novelists,8995.0,6585.0,1440.0,220.0,100.0,3.43,"510,594","20,462",494,143,387114.0,73862853,https://www.goodreads.com/book/show/4900.Heart_of_Darkness?ref=nav_sb_ss_1_17,https://en.wikipedia.org/wiki/Heart_of_Darkness,https://www.gutenberg.org/cache/epub/219/pg219.txt,,,,,,,232925.0,40957.0,True,384.0,49.0,96.0,219,1902-01-01
309,On the Banks of Plum Creek,Laura Ingalls Wilder,1937,English,autobio,1867,1957,female,eng,US,,women authors,7615.0,216.0,192.0,291.0,413.0,4.22,"101,148","2,341",61,317,2453051575.0,34464422,https://www.goodreads.com/book/show/7882.On_the_Banks_of_Plum_Creek?ref=nav_sb_ss_1_26,https://en.wikipedia.org/wiki/On_the_Banks_of_Plum_Creek,NA_not-pub-domain,,,,,,,,,False,,,,,1937-01-01
310,Rebecca of Sunnybrook Farm,Kate Douglas Smith Wiggin,1903,English,na,1856,1923,female,eng,US,"education,editing,childrens literature","authors,educators,editors,composers",7021.0,2628.0,285.0,345.0,342.0,3.87,"34,831",981,347,425,341999.0,84074118,https://www.goodreads.com/book/show/17529.Rebecca_of_Sunnybrook_Farm?ref=nav_sb_ss_1_26,https://en.wikipedia.org/wiki/Rebecca_of_Sunnybrook_Farm,https://www.gutenberg.org/cache/epub/498/pg498.txt,,,,,,,439061.0,76688.0,True,305.0,901.0,244.0,498,1903-01-01
311,The Ambassadors,Henry James,1903,English,na,1843,1916,male,eng,US,,"authors,writers",7704.0,5428.0,705.0,286.0,200.0,3.64,"12,411",767,468,479,427919.0,36920030,https://www.goodreads.com/book/show/775366.The_Ambassadors?ref=nav_sb_ss_2_15,https://en.wikipedia.org/wiki/The_Ambassadors,https://www.gutenberg.org/cache/epub/432/pg432.txt,,,,,,,942046.0,165092.0,True,3233.0,1562.0,555.0,432,1903-01-01
312,The Secret Agent,Joseph Conrad,1907,English,political,1857,1924,male,eng,GB,english literature,novelists,7606.0,3486.0,1140.0,293.0,135.0,3.59,"22,615","1,735",474,458,587172.0,73862853,https://www.goodreads.com/book/show/86658.The_Secret_Agent?ref=nav_sb_ss_1_16,https://en.wikipedia.org/wiki/The_Secret_Agent,https://www.gutenberg.org/cache/epub/974/pg974.txt,,,,,,,551339.0,93343.0,True,1053.0,368.0,111.0,974,1907-01-01
313,The House on Mango Street,Sandra Cisneros,1984,English,bildung,1954,ALIVE,female,eng,US,creative writing,authors,6424.0,354.0,197.0,414.0,407.0,3.69,"188,095","16,629",449,247,862349.0,112460612,https://www.goodreads.com/book/show/139253.The_House_on_Mango_Street?ref=nav_sb_ss_1_25,https://en.wikipedia.org/wiki/The_House_on_Mango_Street,NA_not-pub-domain,,,,,,,,,False,,,,,1984-01-01
314,Go Tell It on the Mountain,James Baldwin,1953,English,bildung,1924,1987,male,eng,US,"poetry,fiction,drama,civil rights","poets,novelists,dramatists,civil rights workers,authors",8052.0,350.0,410.0,271.0,276.0,4.04,"67,966","4,942",189,365,9262123.0,97644708,https://www.goodreads.com/book/show/17143.Go_Tell_It_on_the_Mountain?ref=nav_sb_ss_1_26,https://en.wikipedia.org/wiki/Go_Tell_It_on_the_Mountain_(novel),NA_not-pub-domain,,,,,,,,,False,,,,,1953-01-01
315,The Testament,John Grisham,1999,English,thrillers,1955,ALIVE,male,eng,US,"motion pictures production and direction,motion picture authorship,law,fiction authorship,acting","screenwriters,novelists,motion picture producers and directors,lawyers,authors,actors",7211.0,507.0,373.0,319.0,290.0,3.9,"118,653","3,738",325,297,321796.0,7449742,https://www.goodreads.com/book/show/5348.The_Testament?ref=nav_sb_ss_2_13,https://en.wikipedia.org/wiki/The_Testament_(Grisham_novel),NA_not-pub-domain,,,,,,,,,False,,,,,1999-01-01
316,The Clan of the Cave Bear,Jean M. Auel,1980,English,history,1936,ALIVE,female,eng,US,,novelists,6821.0,379.0,209.0,368.0,396.0,4.09,"266,166","8,012",152,214,196365481.0,79487364,https://www.goodreads.com/book/show/40611463-the-clan-of-the-cave-bear?ref=nav_sb_ss_1_25,https://en.wikipedia.org/wiki/The_Clan_of_the_Cave_Bear,NA_not-pub-domain,,,,,,,,,False,,,,,1980-01-01
317,Cranford,Elizabeth Cleghorn Gaskell,1853,English,na,1810,1865,female,eng,GB,"short stories,novels,biographies","novelists,biographers,authors",7766.0,5124.0,1164.0,283.0,130.0,3.84,"43,847","3,312",370,404,323046.0,39377536,https://www.goodreads.com/book/show/182381.Cranford?ref=nav_sb_ss_1_8,https://en.wikipedia.org/wiki/Cranford_(novel),https://www.gutenberg.org/cache/epub/394/pg394.txt,,,,,,,415786.0,74024.0,True,544.0,1017.0,217.0,394,1853-01-01
318,Because of Winn-Dixie,Kate DiCamillo,2000,English,na,1964,ALIVE,female,eng,US,,authors,8393.0,620.0,186.0,245.0,418.0,4.09,"255,830","11,242",153,220,364322.0,82181498,https://www.goodreads.com/book/show/357664.Because_of_Winn_Dixie?ref=nav_sb_ss_1_21,https://en.wikipedia.org/wiki/Because_of_Winn-Dixie,NA_not-pub-domain,,,,,,,,,False,,,,,2000-01-01
319,My Side of the Mountain,Jean Craighead George,1959,English,na,1919,2012,female,eng,US,childrens literature,author,7468.0,88.0,163.0,301.0,446.0,4.09,"77,035","4,431",154,352,507389.0,44418732,https://www.goodreads.com/book/show/41667.My_Side_of_the_Mountain?ref=nav_sb_ss_1_23,https://en.wikipedia.org/wiki/My_Side_of_the_Mountain,NA_not-pub-domain,,,,,,,,,False,,,,,1959-01-01
320,The Runaway Jury,John Grisham,1996,English,thrillers,1955,ALIVE,male,eng,US,"motion pictures production and direction,motion picture authorship,law,fiction authorship,acting","screenwriters,novelists,motion picture producers and directors,lawyers,authors,actors",6479.0,467.0,246.0,409.0,368.0,4.02,"303,076","2,702",209,195,2908612220.0,7449742,https://www.goodreads.com/book/show/24192.The_Runaway_Jury?ref=nav_sb_ss_1_16,https://en.wikipedia.org/wiki/The_Runaway_Jury,NA_not-pub-domain,,,,,,,,,False,,,,,1996-01-01
321,The Mouse and the Motorcycle,Beverly Cleary,1965,English,na,1916,2021,female,eng,US,"young adult literature,childrens literature",authors,7141.0,303.0,164.0,325.0,442.0,3.96,"85,460","2,575",270,344,44874.0,68927197,https://www.goodreads.com/book/show/232109.The_Mouse_and_the_Motorcycle?ref=nav_sb_ss_1_28,https://en.wikipedia.org/wiki/The_Mouse_and_the_Motorcycle,NA_not-pub-domain,,,,,,,,,False,,,,,1965-01-01
322,The Lost Symbol,Dan Brown,2009,English,thrillers,1964,ALIVE,male,eng,US,"suspense fiction,fiction","novelists american,authors american",7501.0,709.0,264.0,299.0,353.0,3.75,"607,162","29,582",424,129,276525432.0,102403515,https://www.goodreads.com/book/show/6411961-the-lost-symbol?ref=nav_sb_ss_1_15,https://en.wikipedia.org/wiki/The_Lost_Symbol,NA_not-pub-domain,,,,,,,,,False,,,,,2009-01-01
323,The Forsyte Saga,John Galsworthy,1922,English,na,1867,1933,male,eng,GB,,authors english,7544.0,1599.0,718.0,297.0,195.0,4.18,"19,963",994,83,464,137294.0,61561917,https://www.goodreads.com/book/show/103159.The_Forsyte_Saga?ref=nav_sb_ss_1_16,https://en.wikipedia.org/wiki/The_Forsyte_Saga,https://www.gutenberg.org/cache/epub/2559/pg2559.txt ; https://www.gutenberg.org/cache/epub/2594/pg2594.txt ; https://www.gutenberg.org/cache/epub/2596/pg2596.txt,,,,,,,,,False,,,,2559,1922-01-01
324,Gone Girl,Gillian Flynn,2012,English,thrillers,1971,ALIVE,female,eng,US,"writing,motion pictures production and direction,detective and mystery stories,suspense fiction","motion picture producers and directors,authors",7383.0,697.0,252.0,307.0,363.0,4.13,"3,072,358","153,867",120,23,1076468797.0,103168327,https://www.goodreads.com/book/show/19288043-gone-girl?ref=nav_sb_ss_1_9,https://en.wikipedia.org/wiki/Gone_Girl_(novel),NA_not-pub-domain,,,,,,,,,False,,,,,2012-01-01
325,The Lightning Thief,Rick Riordan,2005,English,fantasy,1964,ALIVE,male,eng,US,"teaching,authorship","teachers,authors",8277.0,697.0,258.0,255.0,358.0,4.31,"2,983,515","101,619",32,25,3374230774.0,60214017,https://www.goodreads.com/book/show/28187.The_Lightning_Thief?ref=nav_sb_ss_1_19,https://en.wikipedia.org/wiki/The_Lightning_Thief,NA_not-pub-domain,,,,,,,,,False,,,,,2005-01-01
326,The Last Days of Pompeii,Edward Bulwer Lytton,1834,English,history,1803,1873,male,eng,GB,literature,"politicians,authors",6677.0,2493.0,1203.0,384.0,125.0,3.58,"2,331",218,478,496,557910.0,99871326,https://www.goodreads.com/book/show/888.The_Last_Days_of_Pompeii?ref=nav_sb_ss_1_24,https://en.wikipedia.org/wiki/The_Last_Days_of_Pompeii,https://www.gutenberg.org/cache/epub/1565/pg1565.txt,,,,,,,905769.0,152172.0,True,1300.0,786.0,587.0,1565,1834-01-01
327,The Reader,Bernhard Schlink,1995,German,na,1944,ALIVE,male,ger,DE,,"lawyers,authors german",7358.0,465.0,394.0,308.0,283.0,3.78,"209,610","12,796",409,235,12199216572.0,59157273,https://www.goodreads.com/book/show/101299.The_Reader?ref=nav_sb_ss_1_10,https://en.wikipedia.org/wiki/The_Reader,NA_not-pub-domain,unavailable,,,,,,,,False,,,,,1995-01-01
328,Caddie Woodlawn,Carol Ryrie Brink,1935,English,na,1895,1981,female,eng,US,childrens literature,"women novelists,women authors",7395.0,149.0,197.0,305.0,406.0,4.02,"51,949","1,786",210,391,4820466524.0,113883530,https://www.goodreads.com/book/show/205821.Caddie_Woodlawn?ref=nav_sb_noss_l_15,https://en.wikipedia.org/wiki/Caddie_Woodlawn,NA_not-pub-domain,,,,,,,,,False,,,,,1935-01-01
329,The Tale of Despereaux,Kate DiCamillo,2003,English,na,1964,ALIVE,female,eng,US,,authors,7633.0,515.0,157.0,288.0,449.0,4.07,"198,186","12,171",167,241,9622347201.0,82181498,https://www.goodreads.com/book/show/37190.The_Tale_of_Despereaux?ref=nav_sb_ss_1_22,https://en.wikipedia.org/wiki/The_Tale_of_Despereaux,NA_not-pub-domain,,,,,,,,,False,,,,,2003-01-01
330,The Girl Who Kicked the Hornet's Nest,Stieg Larsson,2007,Swedish,thrillers,1954,2004,male,swe,SE,crime fiction,"journalists,authors swedish",6989.0,628.0,287.0,350.0,340.0,4.24,"732,839","31,302",54,110,377943064.0,54441441,https://www.goodreads.com/book/show/6892870-the-girl-who-kicked-the-hornet-s-nest?ref=nav_sb_ss_1_37,https://en.wikipedia.org/wiki/The_Girl_Who_Kicked_the_Hornets%27_Nest,NA_not-pub-domain,unavailable,,,,,,,,False,,,,,2007-01-01
331,Dear Mr. Henshaw,Beverly Cleary,1983,English,na,1916,2021,female,eng,US,"young adult literature,childrens literature",authors,7243.0,294.0,165.0,316.0,440.0,3.78,"40,597","1,967",410,407,574255.0,68927197,https://www.goodreads.com/book/show/105999.Dear_Mr_Henshaw?ref=nav_sb_ss_1_16,https://en.wikipedia.org/wiki/Dear_Mr._Henshaw,NA_not-pub-domain,,,,,,,,,False,,,,,1983-01-01
332,The Killer Angels,Michael Shaara,1974,English,history,1928,1988,male,eng,US,,,7248.0,359.0,181.0,315.0,422.0,4.33,"85,836","5,524",27,342,346785.0,77624966,https://www.goodreads.com/book/show/682804.The_Killer_Angels?ref=nav_sb_ss_1_17,https://en.wikipedia.org/wiki/The_Killer_Angels,NA_not-pub-domain,,,,,,,,,False,,,,,1974-01-01
333,Chronicle of a Death Foretold,Gabriel García Márquez,1981,Spanish,na,1927,2014,male,spa,CO,"magic realist fiction,magic realism literature,journalism,screenplays","novelists,journalists,authors",7505.0,321.0,725.0,298.0,193.0,3.97,"191,299","11,131",259,245,569971.0,54147956,https://www.goodreads.com/book/show/23878.Chronicle_of_a_Death_Foretold?ref=nav_sb_ss_1_29,https://en.wikipedia.org/wiki/Chronicle_of_a_Death_Foretold,NA_not-pub-domain,unavailable,,,,,,,,False,,,,,1981-01-01
334,The Five People You Meet In Heaven,Mitch Albom,2003,English,na,1958,ALIVE,male,eng,US,"music,journalism,generosity,fiction","philanthropists,musicians,journalists,authors",7346.0,268.0,182.0,310.0,420.0,3.99,"717,021","28,217",240,112,582870.0,97615503,https://www.goodreads.com/book/show/3431.The_Five_People_You_Meet_in_Heaven?ref=nav_sb_ss_1_34,https://en.wikipedia.org/wiki/The_Five_People_You_Meet_in_Heaven,NA_not-pub-domain,,,,,,,,,False,,,,,2003-01-01
335,The Master and Margarita,Mikhail Bulgakov,1967,Russian,political,1891,1940,male,rus,RU,"russian literature,medicine","physicians,dramatists,authors russian",7387.0,538.0,1026.0,306.0,149.0,4.29,"350,042","20,451",38,175,311231113.0,99836700,https://www.goodreads.com/book/show/117833.The_Master_and_Margarita?ref=nav_sb_ss_1_24,https://en.wikipedia.org/wiki/The_Master_and_Margarita,NA_not-pub-domain,unavailable,,,,,,,,False,,,,,1967-01-01
336,"Winesburg, Ohio",Sherwood Anderson,1919,English,na,1876,1941,male,eng,US,,novelists,6172.0,2925.0,500.0,443.0,243.0,3.84,"34,596","2,857",371,426,463621.0,39372890,https://www.goodreads.com/book/show/80176.Winesburg_Ohio?ref=nav_sb_ss_1_15,"https://en.wikipedia.org/wiki/Winesburg,_Ohio",https://www.gutenberg.org/cache/epub/416/pg416.txt,,,,,,,422017.0,77189.0,True,1505.0,588.0,207.0,416,1919-01-01
337,P Is for Peril,Sue Grafton,2001,English,mystery,1940,2017,female,eng,US,"education,detective and mystery stories","novelists,college teachers",5421.0,399.0,108.0,473.0,475.0,3.88,"27,820","1,153",336,444,881672.0,113386374,https://www.goodreads.com/book/show/380976.P_is_for_Peril?from_search=true&from_srp=true&qid=qUZs8qPcFu&rank=1,https://en.wikipedia.org/wiki/%22P%22_Is_for_Peril,NA_not-pub-domain,,,,,,,,,False,,,,,2001-01-01
338,My Sister's Keeper,Jodi Picoult,2004,English,na,1966,ALIVE,female,eng,US,"novels,fiction,creative writing",authors,7104.0,307.0,211.0,332.0,395.0,4.1,"1,214,523","37,356",138,70,140998416.0,37821799,https://www.goodreads.com/book/show/10917.My_Sister_s_Keeper?ref=nav_sb_ss_1_18,https://en.wikipedia.org/wiki/My_Sister%27s_Keeper_(novel),NA_not-pub-domain,,,,,,,,,False,,,,,2004-01-01
339,Barnaby Rudge,Charles Dickens,1841,English,political,1812,1870,male,eng,GB,english literature,"authors english,writers,novelists",12228.0,4440.0,1604.0,124.0,78.0,3.82,"10,737",779,385,482,2044976179.0,88666393,https://www.goodreads.com/book/show/11026.Barnaby_Rudge?ref=nav_sb_ss_1_13,https://en.wikipedia.org/wiki/Barnaby_Rudge,https://www.gutenberg.org/cache/epub/917/pg917.txt,,,,,,,1465815.0,256343.0,True,3246.0,869.0,1178.0,917,1841-01-01
340,Howards End,E.M. Forster,1910,English,na,1879,1970,male,eng,GB,,"novelists,essayists",8253.0,2014.0,726.0,258.0,190.0,3.96,"89,233","4,288",271,336,350240.0,31996364,https://www.goodreads.com/book/show/38374795-howards-end?ref=nav_sb_ss_1_11,https://en.wikipedia.org/wiki/Howards_End,https://www.gutenberg.org/cache/epub/2946/pg2946.txt,,,,,,,645784.0,111704.0,True,948.0,1122.0,447.0,2946,1910-01-01
341,The Broker,John Grisham,2005,English,thrillers,1955,ALIVE,male,eng,US,"motion pictures production and direction,motion picture authorship,law,fiction authorship,acting","screenwriters,novelists,motion picture producers and directors,lawyers,authors,actors",7356.0,633.0,298.0,309.0,337.0,3.83,"95,978","3,588",379,327,863531.0,7449742,https://www.goodreads.com/book/show/1110.The_Broker?ref=nav_sb_ss_1_10,https://en.wikipedia.org/wiki/The_Broker,NA_not-pub-domain,,,,,,,,,False,,,,,2005-01-01
342,The Camel Club,David Baldacci,2005,English,political,1960,ALIVE,male,eng,US,"law,novels,fiction authorship,corporation law,political science","lawyers,authors,novelists,corporate lawyers",5230.0,488.0,183.0,475.0,419.0,4.06,"91,920","3,350",175,334,884711.0,102339955,https://www.goodreads.com/book/show/15158.The_Camel_Club?from_search=true&from_srp=true&qid=sa1jkfkWRo&rank=1,https://en.wikipedia.org/wiki/The_Camel_Club_(novel),NA_not-pub-domain,,,,,,,,,False,,,,,2005-01-01
343,The Rainbow,D.H. Lawrence,1915,English,na,1885,1930,male,eng,GB,english literature,"poets,novelists,dramatists",7143.0,3137.0,631.0,324.0,212.0,3.7,"20,561",997,439,463,868234.0,95150359,https://www.goodreads.com/book/show/31491.The_Rainbow?ref=nav_sb_ss_3_11#CommunityReviews,https://en.wikipedia.org/wiki/The_Rainbow,https://www.gutenberg.org/cache/epub/28948/pg28948.txt,,,,,,,1072065.0,188925.0,True,2956.0,3451.0,644.0,28948,1915-01-01
344,The Man In the Iron Mask,Alexandre Dumas,1850,French,history,1802,1870,male,fre,FR,,"author,novelist,dramatist,novelists,dramatists,authors",6611.0,4172.0,474.0,392.0,252.0,3.99,"65,587","1,082",241,367,669713.0,51688902,https://www.goodreads.com/book/show/54499.The_Man_in_the_Iron_Mask?ref=nav_sb_ss_1_24,https://en.wikipedia.org/wiki/The_Vicomte_of_Bragelonne:_Ten_Years_Later#Part_Three:_The_Man_in_the_Iron_Mask_(Chapters_181%E2%80%93269),https://www.gutenberg.org/cache/epub/2759/pg2759.txt,https://www.gutenberg.org/cache/epub/13949/pg13949.txt,,,,,,1036210.0,176624.0,True,1923.0,149.0,438.0,2759,1850-01-01
345,Mary Poppins,P.L. Travers,1934,English,fantasy,1899,1996,female,eng,GB,"journalism,childrens stories,acting","journalists,authors,actresses,actors",5714.0,408.0,309.0,465.0,330.0,4.01,"133,037","6,854",219,283,10883775406.0,95161798,https://www.goodreads.com/book/show/152380.Mary_Poppins?ref=nav_sb_ss_1_12,https://en.wikipedia.org/wiki/Mary_Poppins_(book_series),NA_not-pub-domain,,,,,,,,,False,,,,,1934-01-01
346,Artemis Fowl,Eoin Colfer,2001,English,fantasy,1965,ALIVE,male,eng,IE,writing fantasy for children and teens,"teacher,author",7756.0,507.0,317.0,284.0,326.0,3.86,"545,619","13,676",354,136,11948885236.0,69145969,https://www.goodreads.com/book/show/249747.Artemis_Fowl?ref=nav_sb_ss_1_12,https://en.wikipedia.org/wiki/Artemis_Fowl_(novel),NA_not-pub-domain,,,,,,,,,False,,,,,2001-01-01
347,Dear John,Nicholas Sparks,2007,English,romance,1965,ALIVE,male,eng,US,"motion pictures production and direction,motion picture authorship,generosity,fiction","screenwriters,philanthropists,motion picture producers and directors,authors",7048.0,569.0,207.0,339.0,397.0,4.04,"597,236","12,735",190,131,55501724.0,117604749,https://www.goodreads.com/book/show/5526.Dear_John?ref=nav_sb_ss_1_9,https://en.wikipedia.org/wiki/Dear_John_(novel),NA_not-pub-domain,,,,,,,,,False,,,,,2007-01-01
348,Cold Mountain,Charles Frazier,1997,English,romance,1950,ALIVE,male,eng,US,,,7047.0,289.0,257.0,340.0,360.0,3.88,"242,352","6,534",337,225,3770228180.0,84114568,https://www.goodreads.com/book/show/10920.Cold_Mountain?ref=nav_sb_ss_1_13,https://en.wikipedia.org/wiki/Cold_Mountain_(novel),NA_not-pub-domain,,,,,,,,,False,,,,,1997-01-01
349,Flowers for Algernon,Daniel Keyes,1966,English,na,1927,2014,male,eng,US,,authors,6995.0,296.0,193.0,348.0,411.0,4.21,"666,428","32,848",65,121,396920.0,12426914,https://www.goodreads.com/book/show/18373.Flowers_for_Algernon?ref=nav_sb_ss_1_20,https://en.wikipedia.org/wiki/Flowers_for_Algernon,NA_not-pub-domain,,,,,,,,,False,,,,,1966-01-01
350,The Dark Is Rising,Susan Cooper,1973,English,fantasy,1935,ALIVE,female,eng,US,writing,"screenwriter,journalist,author",6986.0,222.0,226.0,351.0,382.0,4.04,"57,159","3,141",191,381,437997.0,49344224,https://www.goodreads.com/book/show/210329.The_Dark_Is_Rising?ref=nav_sb_ss_2_18,https://en.wikipedia.org/wiki/The_Dark_Is_Rising,NA_not-pub-domain,,,,,,,,,False,,,,,1973-01-01
351,Resurrection,Leo Tolstoy,1899,Russian,na,1828,1910,male,rus,RU,"philosophy and religion,literature","authors,writers",5604.0,3957.0,1039.0,467.0,147.0,4.16,"24,249","1,824",92,453,49767140.0,96987389,https://www.goodreads.com/book/show/42641.Resurrection?ref=nav_sb_ss_4_12,https://en.wikipedia.org/wiki/Resurrection_(Tolstoy_novel),https://www.gutenberg.org/cache/epub/1938/pg1938.txt,unavailable,,,,,,1011720.0,176111.0,True,2664.0,1249.0,614.0,1938,1899-01-01
352,Fearless Fourteen,Janet Evanovich,2008,English,mystery,1943,ALIVE,female,eng,US,crime writing,"novelists american,authors american",4926.0,146.0,79.0,480.0,486.0,4.05,"94,410","3,721",183,330,5086277184.0,54180657,https://www.goodreads.com/book/show/2292384.Fearless_Fourteen?ref=nav_sb_ss_1_17#CommunityReviews,https://en.wikipedia.org/wiki/Fearless_Fourteen,NA_not-pub-domain,,,,,,,,,False,,,,,2008-01-01
353,A Sentimental Journey Through France and Italy,Laurence Sterne,1768,English,na,1713,1768,male,eng,GB,,,9731.0,6325.0,1540.0,186.0,87.0,3.32,"5,996",377,497,492,459705.0,61552699,https://www.goodreads.com/book/show/1190227.A_Sentimental_Journey_through_France_and_Italy?ref=nav_sb_ss_1_46,https://en.wikipedia.org/wiki/A_Sentimental_Journey_Through_France_and_Italy,https://www.gutenberg.org/cache/epub/804/pg804.txt,,,,,,,239834.0,42526.0,True,362.0,194.0,83.0,804,1768-01-01
354,The King of Torts,John Grisham,2003,English,thrillers,1955,ALIVE,male,eng,US,"motion pictures production and direction,motion picture authorship,law,fiction authorship,acting","screenwriters,novelists,motion picture producers and directors,lawyers,authors,actors",7116.0,472.0,287.0,330.0,339.0,3.72,"85,763","2,673",432,343,687264.0,7449742,https://www.goodreads.com/book/show/5356.The_King_of_Torts?ref=nav_sb_ss_1_17,https://en.wikipedia.org/wiki/The_King_of_Torts,NA_not-pub-domain,,,,,,,,,False,,,,,2003-01-01
355,The Graveyard Book,Neil Gaiman,2008,English,na,1960,ALIVE,male,eng,GB,"motion picture plays,horror tales,graphic novels,fiction,fantasy fiction",authors,8250.0,526.0,147.0,259.0,458.0,4.16,"536,316","39,825",93,139,5534523413.0,103859257,https://www.goodreads.com/book/show/2213661.The_Graveyard_Book?ref=nav_sb_ss_1_18,https://en.wikipedia.org/wiki/The_Graveyard_Book,NA_not-pub-domain,,,,,,,,,False,,,,,2008-01-01
356,The Quiet American,Graham Greene,1955,English,political,1904,1991,male,eng,GB,"short stories,novels,fiction,drama,spy fiction","novelists,dramatists,authors,spy,novelist,playwrights,playwright,intelligence agent",7132.0,198.0,636.0,328.0,211.0,3.97,"62,912","4,285",260,372,48610715.0,59083415,https://www.goodreads.com/book/show/3698.The_Quiet_American?ref=nav_sb_ss_1_18,https://en.wikipedia.org/wiki/The_Quiet_American,NA_not-pub-domain,,,,,,,,,False,,,,,1955-01-01
357,The Chamber,John Grisham,1994,English,na,1955,ALIVE,male,eng,US,"motion pictures production and direction,motion picture authorship,law,fiction authorship,acting","screenwriters,novelists,motion picture producers and directors,lawyers,authors,actors",6868.0,511.0,341.0,362.0,310.0,3.84,"139,782","2,130",372,275,626890.0,7449742,https://www.goodreads.com/book/show/5355.The_Chamber?ref=nav_sb_ss_3_11,https://en.wikipedia.org/wiki/The_Chamber_(novel),NA_not-pub-domain,,,,,,,,,False,,,,,1994-01-01
358,The English Patient,Michael Ondaatje,1992,English,history,1943,ALIVE,male,eng,CA,"poetry,novels","poets,novelists",6890.0,328.0,451.0,359.0,261.0,3.87,"131,600","5,963",348,284,4820360621.0,111941870,https://www.goodreads.com/book/show/11713.The_English_Patient?ref=nav_sb_ss_1_19,https://en.wikipedia.org/wiki/The_English_Patient,NA_not-pub-domain,,,,,,,,,False,,,,,1992-01-01
359,Snow Falling on Cedars,David Guterson,1994,English,na,1956,ALIVE,male,eng,US,,,6339.0,347.0,227.0,424.0,381.0,3.86,"186,517","5,858",355,249,21470.0,84055110,https://www.goodreads.com/book/show/77142.Snow_Falling_on_Cedars?ref=nav_sb_ss_1_22,https://en.wikipedia.org/wiki/Snow_Falling_on_Cedars,NA_not-pub-domain,,,,,,,,,False,,,,,1994-01-01
360,The Long Winter,Laura Ingalls Wilder,1940,English,autobio,1867,1957,female,eng,US,,women authors,7221.0,213.0,175.0,318.0,433.0,4.17,"87,422","2,499",86,339,403438.0,34464422,https://www.goodreads.com/book/show/8282.The_Long_Winter?ref=nav_sb_ss_1_15,https://en.wikipedia.org/wiki/The_Long_Winter_(novel),NA_not-pub-domain,,,,,,,,,False,,,,,1940-01-01
361,"Sarah, Plain and Tall",Patricia MacLachlan,1985,English,na,1938,2022,female,eng,US,childrens literature,"english teachers,authors",7880.0,230.0,163.0,276.0,445.0,3.83,"85,857","3,341",380,341,4917465603.0,20492795,https://www.goodreads.com/book/show/106264.Sarah_Plain_and_Tall?ref=nav_sb_ss_1_21,"https://en.wikipedia.org/wiki/Sarah,_Plain_and_Tall",NA_not-pub-domain,,,,,,,,,False,,,,,1985-01-01
362,Cross Country,James Patterson,2008,English,thrillers,1947,ALIVE,male,eng,US,"suspense fiction american,advertising","novelists,advertising executives,authors",4895.0,488.0,96.0,482.0,481.0,3.88,"41,427","2,257",338,406,135826095.0,22272314,https://www.goodreads.com/book/show/1713912.Cross_Country?ref=nav_sb_ss_1_13,https://en.wikipedia.org/wiki/Cross_Country_(novel),NA_not-pub-domain,,,,,,,,,False,,,,,2008-01-01
363,The Spy Who Came In from the Cold,John Le Carré,1963,English,na,1931,2020,male,eng,GB,"spy fiction,novels,intelligence service","authors english,spies,novelists,intelligence officers",6700.0,338.0,508.0,378.0,239.0,4.08,"109,258","6,658",160,307,3858044988.0,109254932,https://www.goodreads.com/book/show/19494.The_Spy_Who_Came_In_from_the_Cold?ref=nav_sb_ss_1_33,https://en.wikipedia.org/wiki/The_Spy_Who_Came_in_from_the_Cold,NA_not-pub-domain,,,,,,,,,False,,,,,1963-01-01
364,A Game of Thrones,George R.R. Martin,1996,English,fantasy,1948,ALIVE,male,eng,US,"television production and direction,american fiction","television producers and directors,teachers,screenwriters,authors american",6587.0,856.0,299.0,396.0,336.0,4.44,"2,477,572","63,237",13,33,714709.0,98636170,https://www.goodreads.com/book/show/13496.A_Game_of_Thrones?ref=nav_sb_ss_1_17,https://en.wikipedia.org/wiki/A_Game_of_Thrones,NA_not-pub-domain,,,,,,,,,False,,,,,1996-01-01
365,The Thorn Birds,Colleen McCullough,1977,English,na,1937,2015,female,eng,AU,"neurosciences,fiction","novelists australian,neuroscientists",6790.0,317.0,537.0,372.0,233.0,4.24,"349,139","7,878",55,176,365154306.0,113178953,https://www.goodreads.com/book/show/3412.The_Thorn_Birds?ref=nav_sb_ss_1_15,https://en.wikipedia.org/wiki/The_Thorn_Birds,NA_not-pub-domain,,,,,,,,,False,,,,,1977-01-01
366,Old Yeller,Fred Gipson,1956,English,bildung,1908,1973,male,eng,US,,,7259.0,282.0,175.0,314.0,432.0,4.1,"97,785","2,731",139,321,52181425.0,114022624,https://www.goodreads.com/book/show/130580.Old_Yeller?ref=nav_sb_ss_1_10,https://en.wikipedia.org/wiki/Old_Yeller,NA_not-pub-domain,,,,,,,,,False,,,,,1956-01-01
367,"Ramona Quimby, Age 8",Beverly Cleary,1981,English,na,1916,2021,female,eng,US,"young adult literature,childrens literature",authors,7439.0,328.0,159.0,304.0,447.0,4.1,"71,796","1,819",140,360,44875.0,68927197,https://www.goodreads.com/book/show/91253.Ramona_Quimby_Age_8?ref=nav_sb_ss_1_20,"https://en.wikipedia.org/wiki/Ramona_Quimby,_Age_8",NA_not-pub-domain,,,,,,,,,False,,,,,1981-01-01
368,Death In Venice,Thomas Mann,1912,German,na,1875,1955,male,ger,DE,"novels,humanitarianism,essays",authors,5024.0,435.0,911.0,478.0,162.0,3.7,"55,994","3,884",440,383,3768569464.0,54151065,https://www.goodreads.com/book/show/53061.Death_in_Venice?ref=nav_sb_ss_1_15,https://en.wikipedia.org/wiki/Death_in_Venice,https://www.gutenberg.org/cache/epub/66073/pg66073.txt,https://www.gutenberg.org/cache/epub/12108/pg12108.txt,,,,,,187153.0,31400.0,True,627.0,5.0,84.0,66073,1912-01-01
369,By the Shores of Silver Lake,Laura Ingalls Wilder,1939,English,autobio,1867,1957,female,eng,US,,women authors,7232.0,169.0,180.0,317.0,423.0,4.17,"77,707","1,717",87,350,403433.0,34464422,https://www.goodreads.com/book/show/8248.By_the_Shores_of_Silver_Lake?ref=nav_sb_ss_1_28,https://en.wikipedia.org/wiki/By_the_Shores_of_Silver_Lake,NA_not-pub-domain,,,,,,,,,False,,,,,1939-01-01
370,Inferno,Dan Brown,2013,English,thrillers,1964,ALIVE,male,eng,US,"suspense fiction,fiction","novelists american,authors american",7017.0,777.0,361.0,347.0,297.0,3.88,"548,626","39,276",339,135,1780217346.0,102403515,https://www.goodreads.com/book/show/17212231-inferno?ref=nav_sb_ss_1_7,https://en.wikipedia.org/wiki/Inferno_(Brown_novel),NA_not-pub-domain,,2013.0,2013-06-02,1.0,2418.0,INFERNO,,,False,,,,,2013-01-01
370,Inferno,Dan Brown,2013,English,thrillers,1964,ALIVE,male,eng,US,"suspense fiction,fiction","novelists american,authors american",7017.0,777.0,361.0,347.0,297.0,3.88,"548,626","39,276",339,135,1780217346.0,102403515,https://www.goodreads.com/book/show/17212231-inferno?ref=nav_sb_ss_1_7,https://en.wikipedia.org/wiki/Inferno_(Brown_novel),NA_not-pub-domain,,2013.0,2013-06-09,1.0,2418.0,INFERNO,,,False,,,,,2013-01-01
370,Inferno,Dan Brown,2013,English,thrillers,1964,ALIVE,male,eng,US,"suspense fiction,fiction","novelists american,authors american",7017.0,777.0,361.0,347.0,297.0,3.88,"548,626","39,276",339,135,1780217346.0,102403515,https://www.goodreads.com/book/show/17212231-inferno?ref=nav_sb_ss_1_7,https://en.wikipedia.org/wiki/Inferno_(Brown_novel),NA_not-pub-domain,,2013.0,2013-06-16,1.0,2418.0,INFERNO,,,False,,,,,2013-01-01
370,Inferno,Dan Brown,2013,English,thrillers,1964,ALIVE,male,eng,US,"suspense fiction,fiction","novelists american,authors american",7017.0,777.0,361.0,347.0,297.0,3.88,"548,626","39,276",339,135,1780217346.0,102403515,https://www.goodreads.com/book/show/17212231-inferno?ref=nav_sb_ss_1_7,https://en.wikipedia.org/wiki/Inferno_(Brown_novel),NA_not-pub-domain,,2013.0,2013-06-23,1.0,2418.0,INFERNO,,,False,,,,,2013-01-01
370,Inferno,Dan Brown,2013,English,thrillers,1964,ALIVE,male,eng,US,"suspense fiction,fiction","novelists american,authors american",7017.0,777.0,361.0,347.0,297.0,3.88,"548,626","39,276",339,135,1780217346.0,102403515,https://www.goodreads.com/book/show/17212231-inferno?ref=nav_sb_ss_1_7,https://en.wikipedia.org/wiki/Inferno_(Brown_novel),NA_not-pub-domain,,2013.0,2013-06-30,1.0,2418.0,INFERNO,,,False,,,,,2013-01-01
370,Inferno,Dan Brown,2013,English,thrillers,1964,ALIVE,male,eng,US,"suspense fiction,fiction","novelists american,authors american",7017.0,777.0,361.0,347.0,297.0,3.88,"548,626","39,276",339,135,1780217346.0,102403515,https://www.goodreads.com/book/show/17212231-inferno?ref=nav_sb_ss_1_7,https://en.wikipedia.org/wiki/Inferno_(Brown_novel),NA_not-pub-domain,,2013.0,2013-07-07,2.0,2418.0,INFERNO,,,False,,,,,2013-01-01
370,Inferno,Dan Brown,2013,English,thrillers,1964,ALIVE,male,eng,US,"suspense fiction,fiction","novelists american,authors american",7017.0,777.0,361.0,347.0,297.0,3.88,"548,626","39,276",339,135,1780217346.0,102403515,https://www.goodreads.com/book/show/17212231-inferno?ref=nav_sb_ss_1_7,https://en.wikipedia.org/wiki/Inferno_(Brown_novel),NA_not-pub-domain,,2013.0,2013-07-14,1.0,2418.0,INFERNO,,,False,,,,,2013-01-01
370,Inferno,Dan Brown,2013,English,thrillers,1964,ALIVE,male,eng,US,"suspense fiction,fiction","novelists american,authors american",7017.0,777.0,361.0,347.0,297.0,3.88,"548,626","39,276",339,135,1780217346.0,102403515,https://www.goodreads.com/book/show/17212231-inferno?ref=nav_sb_ss_1_7,https://en.wikipedia.org/wiki/Inferno_(Brown_novel),NA_not-pub-domain,,2013.0,2013-07-21,1.0,2418.0,INFERNO,,,False,,,,,2013-01-01
370,Inferno,Dan Brown,2013,English,thrillers,1964,ALIVE,male,eng,US,"suspense fiction,fiction","novelists american,authors american",7017.0,777.0,361.0,347.0,297.0,3.88,"548,626","39,276",339,135,1780217346.0,102403515,https://www.goodreads.com/book/show/17212231-inferno?ref=nav_sb_ss_1_7,https://en.wikipedia.org/wiki/Inferno_(Brown_novel),NA_not-pub-domain,,2013.0,2013-07-28,1.0,2418.0,INFERNO,,,False,,,,,2013-01-01
370,Inferno,Dan Brown,2013,English,thrillers,1964,ALIVE,male,eng,US,"suspense fiction,fiction","novelists american,authors american",7017.0,777.0,361.0,347.0,297.0,3.88,"548,626","39,276",339,135,1780217346.0,102403515,https://www.goodreads.com/book/show/17212231-inferno?ref=nav_sb_ss_1_7,https://en.wikipedia.org/wiki/Inferno_(Brown_novel),NA_not-pub-domain,,2013.0,2013-08-04,2.0,2418.0,INFERNO,,,False,,,,,2013-01-01
370,Inferno,Dan Brown,2013,English,thrillers,1964,ALIVE,male,eng,US,"suspense fiction,fiction","novelists american,authors american",7017.0,777.0,361.0,347.0,297.0,3.88,"548,626","39,276",339,135,1780217346.0,102403515,https://www.goodreads.com/book/show/17212231-inferno?ref=nav_sb_ss_1_7,https://en.wikipedia.org/wiki/Inferno_(Brown_novel),NA_not-pub-domain,,2013.0,2013-08-11,2.0,2418.0,INFERNO,,,False,,,,,2013-01-01
370,Inferno,Dan Brown,2013,English,thrillers,1964,ALIVE,male,eng,US,"suspense fiction,fiction","novelists american,authors american",7017.0,777.0,361.0,347.0,297.0,3.88,"548,626","39,276",339,135,1780217346.0,102403515,https://www.goodreads.com/book/show/17212231-inferno?ref=nav_sb_ss_1_7,https://en.wikipedia.org/wiki/Inferno_(Brown_novel),NA_not-pub-domain,,2013.0,2013-08-18,2.0,2418.0,INFERNO,,,False,,,,,2013-01-01
370,Inferno,Dan Brown,2013,English,thrillers,1964,ALIVE,male,eng,US,"suspense fiction,fiction","novelists american,authors american",7017.0,777.0,361.0,347.0,297.0,3.88,"548,626","39,276",339,135,1780217346.0,102403515,https://www.goodreads.com/book/show/17212231-inferno?ref=nav_sb_ss_1_7,https://en.wikipedia.org/wiki/Inferno_(Brown_novel),NA_not-pub-domain,,2013.0,2013-08-25,3.0,2418.0,INFERNO,,,False,,,,,2013-01-01
370,Inferno,Dan Brown,2013,English,thrillers,1964,ALIVE,male,eng,US,"suspense fiction,fiction","novelists american,authors american",7017.0,777.0,361.0,347.0,297.0,3.88,"548,626","39,276",339,135,1780217346.0,102403515,https://www.goodreads.com/book/show/17212231-inferno?ref=nav_sb_ss_1_7,https://en.wikipedia.org/wiki/Inferno_(Brown_novel),NA_not-pub-domain,,2013.0,2013-09-01,4.0,2418.0,INFERNO,,,False,,,,,2013-01-01
370,Inferno,Dan Brown,2013,English,thrillers,1964,ALIVE,male,eng,US,"suspense fiction,fiction","novelists american,authors american",7017.0,777.0,361.0,347.0,297.0,3.88,"548,626","39,276",339,135,1780217346.0,102403515,https://www.goodreads.com/book/show/17212231-inferno?ref=nav_sb_ss_1_7,https://en.wikipedia.org/wiki/Inferno_(Brown_novel),NA_not-pub-domain,,2013.0,2013-09-08,2.0,2418.0,INFERNO,,,False,,,,,2013-01-01
370,Inferno,Dan Brown,2013,English,thrillers,1964,ALIVE,male,eng,US,"suspense fiction,fiction","novelists american,authors american",7017.0,777.0,361.0,347.0,297.0,3.88,"548,626","39,276",339,135,1780217346.0,102403515,https://www.goodreads.com/book/show/17212231-inferno?ref=nav_sb_ss_1_7,https://en.wikipedia.org/wiki/Inferno_(Brown_novel),NA_not-pub-domain,,2013.0,2013-09-15,3.0,2418.0,INFERNO,,,False,,,,,2013-01-01
370,Inferno,Dan Brown,2013,English,thrillers,1964,ALIVE,male,eng,US,"suspense fiction,fiction","novelists american,authors american",7017.0,777.0,361.0,347.0,297.0,3.88,"548,626","39,276",339,135,1780217346.0,102403515,https://www.goodreads.com/book/show/17212231-inferno?ref=nav_sb_ss_1_7,https://en.wikipedia.org/wiki/Inferno_(Brown_novel),NA_not-pub-domain,,2013.0,2013-09-22,5.0,2418.0,INFERNO,,,False,,,,,2013-01-01
370,Inferno,Dan Brown,2013,English,thrillers,1964,ALIVE,male,eng,US,"suspense fiction,fiction","novelists american,authors american",7017.0,777.0,361.0,347.0,297.0,3.88,"548,626","39,276",339,135,1780217346.0,102403515,https://www.goodreads.com/book/show/17212231-inferno?ref=nav_sb_ss_1_7,https://en.wikipedia.org/wiki/Inferno_(Brown_novel),NA_not-pub-domain,,2013.0,2013-09-29,5.0,2418.0,INFERNO,,,False,,,,,2013-01-01
370,Inferno,Dan Brown,2013,English,thrillers,1964,ALIVE,male,eng,US,"suspense fiction,fiction","novelists american,authors american",7017.0,777.0,361.0,347.0,297.0,3.88,"548,626","39,276",339,135,1780217346.0,102403515,https://www.goodreads.com/book/show/17212231-inferno?ref=nav_sb_ss_1_7,https://en.wikipedia.org/wiki/Inferno_(Brown_novel),NA_not-pub-domain,,2013.0,2013-10-06,10.0,2418.0,INFERNO,,,False,,,,,2013-01-01
370,Inferno,Dan Brown,2013,English,thrillers,1964,ALIVE,male,eng,US,"suspense fiction,fiction","novelists american,authors american",7017.0,777.0,361.0,347.0,297.0,3.88,"548,626","39,276",339,135,1780217346.0,102403515,https://www.goodreads.com/book/show/17212231-inferno?ref=nav_sb_ss_1_7,https://en.wikipedia.org/wiki/Inferno_(Brown_novel),NA_not-pub-domain,,2013.0,2013-10-13,10.0,2418.0,INFERNO,,,False,,,,,2013-01-01
370,Inferno,Dan Brown,2013,English,thrillers,1964,ALIVE,male,eng,US,"suspense fiction,fiction","novelists american,authors american",7017.0,777.0,361.0,347.0,297.0,3.88,"548,626","39,276",339,135,1780217346.0,102403515,https://www.goodreads.com/book/show/17212231-inferno?ref=nav_sb_ss_1_7,https://en.wikipedia.org/wiki/Inferno_(Brown_novel),NA_not-pub-domain,,2013.0,2013-10-20,12.0,2418.0,INFERNO,,,False,,,,,2013-01-01
370,Inferno,Dan Brown,2013,English,thrillers,1964,ALIVE,male,eng,US,"suspense fiction,fiction","novelists american,authors american",7017.0,777.0,361.0,347.0,297.0,3.88,"548,626","39,276",339,135,1780217346.0,102403515,https://www.goodreads.com/book/show/17212231-inferno?ref=nav_sb_ss_1_7,https://en.wikipedia.org/wiki/Inferno_(Brown_novel),NA_not-pub-domain,,2013.0,2013-11-24,16.0,2418.0,INFERNO,,,False,,,,,2013-01-01
370,Inferno,Dan Brown,2013,English,thrillers,1964,ALIVE,male,eng,US,"suspense fiction,fiction","novelists american,authors american",7017.0,777.0,361.0,347.0,297.0,3.88,"548,626","39,276",339,135,1780217346.0,102403515,https://www.goodreads.com/book/show/17212231-inferno?ref=nav_sb_ss_1_7,https://en.wikipedia.org/wiki/Inferno_(Brown_novel),NA_not-pub-domain,,2013.0,2013-12-08,14.0,2418.0,INFERNO,,,False,,,,,2013-01-01
370,Inferno,Dan Brown,2013,English,thrillers,1964,ALIVE,male,eng,US,"suspense fiction,fiction","novelists american,authors american",7017.0,777.0,361.0,347.0,297.0,3.88,"548,626","39,276",339,135,1780217346.0,102403515,https://www.goodreads.com/book/show/17212231-inferno?ref=nav_sb_ss_1_7,https://en.wikipedia.org/wiki/Inferno_(Brown_novel),NA_not-pub-domain,,2013.0,2013-12-15,13.0,2418.0,INFERNO,,,False,,,,,2013-01-01
370,Inferno,Dan Brown,2013,English,thrillers,1964,ALIVE,male,eng,US,"suspense fiction,fiction","novelists american,authors american",7017.0,777.0,361.0,347.0,297.0,3.88,"548,626","39,276",339,135,1780217346.0,102403515,https://www.goodreads.com/book/show/17212231-inferno?ref=nav_sb_ss_1_7,https://en.wikipedia.org/wiki/Inferno_(Brown_novel),NA_not-pub-domain,,2013.0,2013-12-22,10.0,2418.0,INFERNO,,,False,,,,,2013-01-01
370,Inferno,Dan Brown,2013,English,thrillers,1964,ALIVE,male,eng,US,"suspense fiction,fiction","novelists american,authors american",7017.0,777.0,361.0,347.0,297.0,3.88,"548,626","39,276",339,135,1780217346.0,102403515,https://www.goodreads.com/book/show/17212231-inferno?ref=nav_sb_ss_1_7,https://en.wikipedia.org/wiki/Inferno_(Brown_novel),NA_not-pub-domain,,2013.0,2013-12-29,14.0,2418.0,INFERNO,,,False,,,,,2013-01-01
370,Inferno,Dan Brown,2013,English,thrillers,1964,ALIVE,male,eng,US,"suspense fiction,fiction","novelists american,authors american",7017.0,777.0,361.0,347.0,297.0,3.88,"548,626","39,276",339,135,1780217346.0,102403515,https://www.goodreads.com/book/show/17212231-inferno?ref=nav_sb_ss_1_7,https://en.wikipedia.org/wiki/Inferno_(Brown_novel),NA_not-pub-domain,,2014.0,2014-01-05,9.0,2418.0,INFERNO,,,False,,,,,2013-01-01
370,Inferno,Dan Brown,2013,English,thrillers,1964,ALIVE,male,eng,US,"suspense fiction,fiction","novelists american,authors american",7017.0,777.0,361.0,347.0,297.0,3.88,"548,626","39,276",339,135,1780217346.0,102403515,https://www.goodreads.com/book/show/17212231-inferno?ref=nav_sb_ss_1_7,https://en.wikipedia.org/wiki/Inferno_(Brown_novel),NA_not-pub-domain,,2014.0,2014-01-12,8.0,2418.0,INFERNO,,,False,,,,,2013-01-01
370,Inferno,Dan Brown,2013,English,thrillers,1964,ALIVE,male,eng,US,"suspense fiction,fiction","novelists american,authors american",7017.0,777.0,361.0,347.0,297.0,3.88,"548,626","39,276",339,135,1780217346.0,102403515,https://www.goodreads.com/book/show/17212231-inferno?ref=nav_sb_ss_1_7,https://en.wikipedia.org/wiki/Inferno_(Brown_novel),NA_not-pub-domain,,2014.0,2014-01-19,12.0,2418.0,INFERNO,,,False,,,,,2013-01-01
371,Schindler's List,Thomas Keneally,1993,English,na,1935,ALIVE,male,eng,AU,"playwriting,novels,fiction authorship,drama,acting","novelists,authors,dramatists,actors",7565.0,149.0,386.0,296.0,285.0,4.34,"159,999","2,935",25,267,1808170382.0,41842145,https://www.goodreads.com/book/show/375013.Schindler_s_List?ref=nav_sb_ss_1_16,https://en.wikipedia.org/wiki/Schindler%27s_List,NA_not-pub-domain,,,,,,,,,False,,,,,1993-01-01
372,Jonathan Livingston Seagull,Richard Bach,1970,English,allegories,1936,ALIVE,male,eng,US,"philosophy,aviation","pilot,author",4928.0,95.0,206.0,479.0,400.0,3.86,"250,571","10,909",356,221,573167.0,110244457,https://www.goodreads.com/book/show/71728.Jonathan_Livingston_Seagull?ref=nav_sb_ss_1_27,https://en.wikipedia.org/wiki/Jonathan_Livingston_Seagull,NA_not-pub-domain,,,,,,,,,False,,,,,1970-01-01
373,The Stand,Stephen King,1978,English,horror,1947,ALIVE,male,eng,US,"horror tales,science fiction,novels,horror fiction,fiction,fantasy fiction,television production and direction,television authorship,short stories,motion pictures production and direction,motion picture authorship,acting","novelists,television writers,television producers and directors,screenwriters,motion picture producers and directors,authors,actors",4255.0,158.0,218.0,491.0,387.0,4.35,"756,854","29,312",20,107,86250.0,97113511,https://www.goodreads.com/book/show/87591651-the-stand?ref=nav_sb_ss_1_9,https://en.wikipedia.org/wiki/The_Stand,NA_not-pub-domain,,,,,,,,,False,,,,,1978-01-01
374,The Last Juror,John Grisham,2004,English,thrillers,1955,ALIVE,male,eng,US,"motion pictures production and direction,motion picture authorship,law,fiction authorship,acting","screenwriters,novelists,motion picture producers and directors,lawyers,authors,actors",6390.0,502.0,182.0,418.0,421.0,3.94,"99,275","2,943",294,319,4918715092.0,7449742,https://www.goodreads.com/book/show/5346.The_Last_Juror?ref=nav_sb_ss_1_14,https://en.wikipedia.org/wiki/The_Last_Juror,NA_not-pub-domain,,,,,,,,,False,,,,,2004-01-01
375,Shiloh,Phyllis Reynolds Naylor,1991,English,na,1933,ALIVE,female,eng,US,,authors,7207.0,203.0,112.0,320.0,471.0,3.96,"85,442","2,854",272,345,51000.0,85556633,https://www.goodreads.com/book/show/207153.Shiloh?ref=nav_sb_ss_1_6,https://en.wikipedia.org/wiki/Shiloh_(Naylor_novel),NA_not-pub-domain,,,,,,,,,False,,,,,1991-01-01
376,Girl With a Pearl Earring,Tracy Chevalier,1999,English,na,1962,ALIVE,female,eng,US,historical fiction,novelists,6818.0,384.0,318.0,369.0,324.0,3.92,"734,415","12,431",306,109,297895.0,66573793,https://www.goodreads.com/book/show/2865.Girl_with_a_Pearl_Earring?ref=nav_sb_ss_1_25,https://en.wikipedia.org/wiki/Girl_with_a_Pearl_Earring_(novel),NA_not-pub-domain,,,,,,,,,False,,,,,1999-01-01
377,The Murder of Roger Ackroyd,Agatha Christie,1926,English,mystery,1890,1976,female,eng,GB,"poetry,literature,drama","short story writer,novelist english,poet,playwright",6842.0,458.0,567.0,366.0,225.0,4.27,"271,014","22,125",45,210,489873.0,71388952,https://www.goodreads.com/book/show/16328.The_Murder_of_Roger_Ackroyd?ref=nav_sb_ss_1_27,https://en.wikipedia.org/wiki/The_Murder_of_Roger_Ackroyd,https://www.gutenberg.org/cache/epub/69087/pg69087.txt,,,,,,,432858.0,73803.0,True,758.0,331.0,82.0,69087,1926-01-01
378,It,Stephen King,1986,English,horror,1947,ALIVE,male,eng,US,"horror tales,science fiction,novels,horror fiction,fiction,fantasy fiction,television production and direction,television authorship,short stories,motion pictures production and direction,motion picture authorship,acting","novelists,television writers,television producers and directors,screenwriters,motion picture producers and directors,authors,actors",7587.0,572.0,371.0,294.0,291.0,4.24,"1,103,157","35,659",56,78,4020485483.0,97113511,https://www.goodreads.com/book/show/830502.It?from_search=true&from_srp=true&qid=J6v283vVaU&rank=3,https://en.wikipedia.org/wiki/It_(novel),NA_not-pub-domain,,1986.0,1986-09-14,1.0,2466.0,IT,,,False,,,,,1986-01-01
378,It,Stephen King,1986,English,horror,1947,ALIVE,male,eng,US,"horror tales,science fiction,novels,horror fiction,fiction,fantasy fiction,television production and direction,television authorship,short stories,motion pictures production and direction,motion picture authorship,acting","novelists,television writers,television producers and directors,screenwriters,motion picture producers and directors,authors,actors",7587.0,572.0,371.0,294.0,291.0,4.24,"1,103,157","35,659",56,78,4020485483.0,97113511,https://www.goodreads.com/book/show/830502.It?from_search=true&from_srp=true&qid=J6v283vVaU&rank=3,https://en.wikipedia.org/wiki/It_(novel),NA_not-pub-domain,,1986.0,1986-09-21,1.0,2466.0,IT,,,False,,,,,1986-01-01
378,It,Stephen King,1986,English,horror,1947,ALIVE,male,eng,US,"horror tales,science fiction,novels,horror fiction,fiction,fantasy fiction,television production and direction,television authorship,short stories,motion pictures production and direction,motion picture authorship,acting","novelists,television writers,television producers and directors,screenwriters,motion picture producers and directors,authors,actors",7587.0,572.0,371.0,294.0,291.0,4.24,"1,103,157","35,659",56,78,4020485483.0,97113511,https://www.goodreads.com/book/show/830502.It?from_search=true&from_srp=true&qid=J6v283vVaU&rank=3,https://en.wikipedia.org/wiki/It_(novel),NA_not-pub-domain,,1986.0,1986-09-28,1.0,2466.0,IT,,,False,,,,,1986-01-01
378,It,Stephen King,1986,English,horror,1947,ALIVE,male,eng,US,"horror tales,science fiction,novels,horror fiction,fiction,fantasy fiction,television production and direction,television authorship,short stories,motion pictures production and direction,motion picture authorship,acting","novelists,television writers,television producers and directors,screenwriters,motion picture producers and directors,authors,actors",7587.0,572.0,371.0,294.0,291.0,4.24,"1,103,157","35,659",56,78,4020485483.0,97113511,https://www.goodreads.com/book/show/830502.It?from_search=true&from_srp=true&qid=J6v283vVaU&rank=3,https://en.wikipedia.org/wiki/It_(novel),NA_not-pub-domain,,1986.0,1986-10-05,1.0,2466.0,IT,,,False,,,,,1986-01-01
378,It,Stephen King,1986,English,horror,1947,ALIVE,male,eng,US,"horror tales,science fiction,novels,horror fiction,fiction,fantasy fiction,television production and direction,television authorship,short stories,motion pictures production and direction,motion picture authorship,acting","novelists,television writers,television producers and directors,screenwriters,motion picture producers and directors,authors,actors",7587.0,572.0,371.0,294.0,291.0,4.24,"1,103,157","35,659",56,78,4020485483.0,97113511,https://www.goodreads.com/book/show/830502.It?from_search=true&from_srp=true&qid=J6v283vVaU&rank=3,https://en.wikipedia.org/wiki/It_(novel),NA_not-pub-domain,,1986.0,1986-10-12,1.0,2466.0,IT,,,False,,,,,1986-01-01
378,It,Stephen King,1986,English,horror,1947,ALIVE,male,eng,US,"horror tales,science fiction,novels,horror fiction,fiction,fantasy fiction,television production and direction,television authorship,short stories,motion pictures production and direction,motion picture authorship,acting","novelists,television writers,television producers and directors,screenwriters,motion picture producers and directors,authors,actors",7587.0,572.0,371.0,294.0,291.0,4.24,"1,103,157","35,659",56,78,4020485483.0,97113511,https://www.goodreads.com/book/show/830502.It?from_search=true&from_srp=true&qid=J6v283vVaU&rank=3,https://en.wikipedia.org/wiki/It_(novel),NA_not-pub-domain,,1986.0,1986-10-19,1.0,2466.0,IT,,,False,,,,,1986-01-01
378,It,Stephen King,1986,English,horror,1947,ALIVE,male,eng,US,"horror tales,science fiction,novels,horror fiction,fiction,fantasy fiction,television production and direction,television authorship,short stories,motion pictures production and direction,motion picture authorship,acting","novelists,television writers,television producers and directors,screenwriters,motion picture producers and directors,authors,actors",7587.0,572.0,371.0,294.0,291.0,4.24,"1,103,157","35,659",56,78,4020485483.0,97113511,https://www.goodreads.com/book/show/830502.It?from_search=true&from_srp=true&qid=J6v283vVaU&rank=3,https://en.wikipedia.org/wiki/It_(novel),NA_not-pub-domain,,1986.0,1986-10-26,1.0,2466.0,IT,,,False,,,,,1986-01-01
378,It,Stephen King,1986,English,horror,1947,ALIVE,male,eng,US,"horror tales,science fiction,novels,horror fiction,fiction,fantasy fiction,television production and direction,television authorship,short stories,motion pictures production and direction,motion picture authorship,acting","novelists,television writers,television producers and directors,screenwriters,motion picture producers and directors,authors,actors",7587.0,572.0,371.0,294.0,291.0,4.24,"1,103,157","35,659",56,78,4020485483.0,97113511,https://www.goodreads.com/book/show/830502.It?from_search=true&from_srp=true&qid=J6v283vVaU&rank=3,https://en.wikipedia.org/wiki/It_(novel),NA_not-pub-domain,,1986.0,1986-11-02,1.0,2466.0,IT,,,False,,,,,1986-01-01
378,It,Stephen King,1986,English,horror,1947,ALIVE,male,eng,US,"horror tales,science fiction,novels,horror fiction,fiction,fantasy fiction,television production and direction,television authorship,short stories,motion pictures production and direction,motion picture authorship,acting","novelists,television writers,television producers and directors,screenwriters,motion picture producers and directors,authors,actors",7587.0,572.0,371.0,294.0,291.0,4.24,"1,103,157","35,659",56,78,4020485483.0,97113511,https://www.goodreads.com/book/show/830502.It?from_search=true&from_srp=true&qid=J6v283vVaU&rank=3,https://en.wikipedia.org/wiki/It_(novel),NA_not-pub-domain,,1986.0,1986-11-09,1.0,2466.0,IT,,,False,,,,,1986-01-01
378,It,Stephen King,1986,English,horror,1947,ALIVE,male,eng,US,"horror tales,science fiction,novels,horror fiction,fiction,fantasy fiction,television production and direction,television authorship,short stories,motion pictures production and direction,motion picture authorship,acting","novelists,television writers,television producers and directors,screenwriters,motion picture producers and directors,authors,actors",7587.0,572.0,371.0,294.0,291.0,4.24,"1,103,157","35,659",56,78,4020485483.0,97113511,https://www.goodreads.com/book/show/830502.It?from_search=true&from_srp=true&qid=J6v283vVaU&rank=3,https://en.wikipedia.org/wiki/It_(novel),NA_not-pub-domain,,1986.0,1986-11-16,1.0,2466.0,IT,,,False,,,,,1986-01-01
378,It,Stephen King,1986,English,horror,1947,ALIVE,male,eng,US,"horror tales,science fiction,novels,horror fiction,fiction,fantasy fiction,television production and direction,television authorship,short stories,motion pictures production and direction,motion picture authorship,acting","novelists,television writers,television producers and directors,screenwriters,motion picture producers and directors,authors,actors",7587.0,572.0,371.0,294.0,291.0,4.24,"1,103,157","35,659",56,78,4020485483.0,97113511,https://www.goodreads.com/book/show/830502.It?from_search=true&from_srp=true&qid=J6v283vVaU&rank=3,https://en.wikipedia.org/wiki/It_(novel),NA_not-pub-domain,,1986.0,1986-11-23,2.0,2466.0,IT,,,False,,,,,1986-01-01
378,It,Stephen King,1986,English,horror,1947,ALIVE,male,eng,US,"horror tales,science fiction,novels,horror fiction,fiction,fantasy fiction,television production and direction,television authorship,short stories,motion pictures production and direction,motion picture authorship,acting","novelists,television writers,television producers and directors,screenwriters,motion picture producers and directors,authors,actors",7587.0,572.0,371.0,294.0,291.0,4.24,"1,103,157","35,659",56,78,4020485483.0,97113511,https://www.goodreads.com/book/show/830502.It?from_search=true&from_srp=true&qid=J6v283vVaU&rank=3,https://en.wikipedia.org/wiki/It_(novel),NA_not-pub-domain,,1986.0,1986-11-30,2.0,2466.0,IT,,,False,,,,,1986-01-01
378,It,Stephen King,1986,English,horror,1947,ALIVE,male,eng,US,"horror tales,science fiction,novels,horror fiction,fiction,fantasy fiction,television production and direction,television authorship,short stories,motion pictures production and direction,motion picture authorship,acting","novelists,television writers,television producers and directors,screenwriters,motion picture producers and directors,authors,actors",7587.0,572.0,371.0,294.0,291.0,4.24,"1,103,157","35,659",56,78,4020485483.0,97113511,https://www.goodreads.com/book/show/830502.It?from_search=true&from_srp=true&qid=J6v283vVaU&rank=3,https://en.wikipedia.org/wiki/It_(novel),NA_not-pub-domain,,1986.0,1986-12-07,2.0,2466.0,IT,,,False,,,,,1986-01-01
378,It,Stephen King,1986,English,horror,1947,ALIVE,male,eng,US,"horror tales,science fiction,novels,horror fiction,fiction,fantasy fiction,television production and direction,television authorship,short stories,motion pictures production and direction,motion picture authorship,acting","novelists,television writers,television producers and directors,screenwriters,motion picture producers and directors,authors,actors",7587.0,572.0,371.0,294.0,291.0,4.24,"1,103,157","35,659",56,78,4020485483.0,97113511,https://www.goodreads.com/book/show/830502.It?from_search=true&from_srp=true&qid=J6v283vVaU&rank=3,https://en.wikipedia.org/wiki/It_(novel),NA_not-pub-domain,,1986.0,1986-12-14,2.0,2466.0,IT,,,False,,,,,1986-01-01
378,It,Stephen King,1986,English,horror,1947,ALIVE,male,eng,US,"horror tales,science fiction,novels,horror fiction,fiction,fantasy fiction,television production and direction,television authorship,short stories,motion pictures production and direction,motion picture authorship,acting","novelists,television writers,television producers and directors,screenwriters,motion picture producers and directors,authors,actors",7587.0,572.0,371.0,294.0,291.0,4.24,"1,103,157","35,659",56,78,4020485483.0,97113511,https://www.goodreads.com/book/show/830502.It?from_search=true&from_srp=true&qid=J6v283vVaU&rank=3,https://en.wikipedia.org/wiki/It_(novel),NA_not-pub-domain,,1986.0,1986-12-21,1.0,2466.0,IT,,,False,,,,,1986-01-01
378,It,Stephen King,1986,English,horror,1947,ALIVE,male,eng,US,"horror tales,science fiction,novels,horror fiction,fiction,fantasy fiction,television production and direction,television authorship,short stories,motion pictures production and direction,motion picture authorship,acting","novelists,television writers,television producers and directors,screenwriters,motion picture producers and directors,authors,actors",7587.0,572.0,371.0,294.0,291.0,4.24,"1,103,157","35,659",56,78,4020485483.0,97113511,https://www.goodreads.com/book/show/830502.It?from_search=true&from_srp=true&qid=J6v283vVaU&rank=3,https://en.wikipedia.org/wiki/It_(novel),NA_not-pub-domain,,1986.0,1986-12-28,1.0,2466.0,IT,,,False,,,,,1986-01-01
378,It,Stephen King,1986,English,horror,1947,ALIVE,male,eng,US,"horror tales,science fiction,novels,horror fiction,fiction,fantasy fiction,television production and direction,television authorship,short stories,motion pictures production and direction,motion picture authorship,acting","novelists,television writers,television producers and directors,screenwriters,motion picture producers and directors,authors,actors",7587.0,572.0,371.0,294.0,291.0,4.24,"1,103,157","35,659",56,78,4020485483.0,97113511,https://www.goodreads.com/book/show/830502.It?from_search=true&from_srp=true&qid=J6v283vVaU&rank=3,https://en.wikipedia.org/wiki/It_(novel),NA_not-pub-domain,,1987.0,1987-01-04,1.0,2466.0,IT,,,False,,,,,1986-01-01
378,It,Stephen King,1986,English,horror,1947,ALIVE,male,eng,US,"horror tales,science fiction,novels,horror fiction,fiction,fantasy fiction,television production and direction,television authorship,short stories,motion pictures production and direction,motion picture authorship,acting","novelists,television writers,television producers and directors,screenwriters,motion picture producers and directors,authors,actors",7587.0,572.0,371.0,294.0,291.0,4.24,"1,103,157","35,659",56,78,4020485483.0,97113511,https://www.goodreads.com/book/show/830502.It?from_search=true&from_srp=true&qid=J6v283vVaU&rank=3,https://en.wikipedia.org/wiki/It_(novel),NA_not-pub-domain,,1987.0,1987-01-11,1.0,2466.0,IT,,,False,,,,,1986-01-01
378,It,Stephen King,1986,English,horror,1947,ALIVE,male,eng,US,"horror tales,science fiction,novels,horror fiction,fiction,fantasy fiction,television production and direction,television authorship,short stories,motion pictures production and direction,motion picture authorship,acting","novelists,television writers,television producers and directors,screenwriters,motion picture producers and directors,authors,actors",7587.0,572.0,371.0,294.0,291.0,4.24,"1,103,157","35,659",56,78,4020485483.0,97113511,https://www.goodreads.com/book/show/830502.It?from_search=true&from_srp=true&qid=J6v283vVaU&rank=3,https://en.wikipedia.org/wiki/It_(novel),NA_not-pub-domain,,1987.0,1987-01-18,2.0,2466.0,IT,,,False,,,,,1986-01-01
378,It,Stephen King,1986,English,horror,1947,ALIVE,male,eng,US,"horror tales,science fiction,novels,horror fiction,fiction,fantasy fiction,television production and direction,television authorship,short stories,motion pictures production and direction,motion picture authorship,acting","novelists,television writers,television producers and directors,screenwriters,motion picture producers and directors,authors,actors",7587.0,572.0,371.0,294.0,291.0,4.24,"1,103,157","35,659",56,78,4020485483.0,97113511,https://www.goodreads.com/book/show/830502.It?from_search=true&from_srp=true&qid=J6v283vVaU&rank=3,https://en.wikipedia.org/wiki/It_(novel),NA_not-pub-domain,,1987.0,1987-01-25,2.0,2466.0,IT,,,False,,,,,1986-01-01
378,It,Stephen King,1986,English,horror,1947,ALIVE,male,eng,US,"horror tales,science fiction,novels,horror fiction,fiction,fantasy fiction,television production and direction,television authorship,short stories,motion pictures production and direction,motion picture authorship,acting","novelists,television writers,television producers and directors,screenwriters,motion picture producers and directors,authors,actors",7587.0,572.0,371.0,294.0,291.0,4.24,"1,103,157","35,659",56,78,4020485483.0,97113511,https://www.goodreads.com/book/show/830502.It?from_search=true&from_srp=true&qid=J6v283vVaU&rank=3,https://en.wikipedia.org/wiki/It_(novel),NA_not-pub-domain,,1987.0,1987-02-01,3.0,2466.0,IT,,,False,,,,,1986-01-01
378,It,Stephen King,1986,English,horror,1947,ALIVE,male,eng,US,"horror tales,science fiction,novels,horror fiction,fiction,fantasy fiction,television production and direction,television authorship,short stories,motion pictures production and direction,motion picture authorship,acting","novelists,television writers,television producers and directors,screenwriters,motion picture producers and directors,authors,actors",7587.0,572.0,371.0,294.0,291.0,4.24,"1,103,157","35,659",56,78,4020485483.0,97113511,https://www.goodreads.com/book/show/830502.It?from_search=true&from_srp=true&qid=J6v283vVaU&rank=3,https://en.wikipedia.org/wiki/It_(novel),NA_not-pub-domain,,1987.0,1987-02-08,4.0,2466.0,IT,,,False,,,,,1986-01-01
378,It,Stephen King,1986,English,horror,1947,ALIVE,male,eng,US,"horror tales,science fiction,novels,horror fiction,fiction,fantasy fiction,television production and direction,television authorship,short stories,motion pictures production and direction,motion picture authorship,acting","novelists,television writers,television producers and directors,screenwriters,motion picture producers and directors,authors,actors",7587.0,572.0,371.0,294.0,291.0,4.24,"1,103,157","35,659",56,78,4020485483.0,97113511,https://www.goodreads.com/book/show/830502.It?from_search=true&from_srp=true&qid=J6v283vVaU&rank=3,https://en.wikipedia.org/wiki/It_(novel),NA_not-pub-domain,,1987.0,1987-02-15,5.0,2466.0,IT,,,False,,,,,1986-01-01
378,It,Stephen King,1986,English,horror,1947,ALIVE,male,eng,US,"horror tales,science fiction,novels,horror fiction,fiction,fantasy fiction,television production and direction,television authorship,short stories,motion pictures production and direction,motion picture authorship,acting","novelists,television writers,television producers and directors,screenwriters,motion picture producers and directors,authors,actors",7587.0,572.0,371.0,294.0,291.0,4.24,"1,103,157","35,659",56,78,4020485483.0,97113511,https://www.goodreads.com/book/show/830502.It?from_search=true&from_srp=true&qid=J6v283vVaU&rank=3,https://en.wikipedia.org/wiki/It_(novel),NA_not-pub-domain,,1987.0,1987-02-22,5.0,2466.0,IT,,,False,,,,,1986-01-01
378,It,Stephen King,1986,English,horror,1947,ALIVE,male,eng,US,"horror tales,science fiction,novels,horror fiction,fiction,fantasy fiction,television production and direction,television authorship,short stories,motion pictures production and direction,motion picture authorship,acting","novelists,television writers,television producers and directors,screenwriters,motion picture producers and directors,authors,actors",7587.0,572.0,371.0,294.0,291.0,4.24,"1,103,157","35,659",56,78,4020485483.0,97113511,https://www.goodreads.com/book/show/830502.It?from_search=true&from_srp=true&qid=J6v283vVaU&rank=3,https://en.wikipedia.org/wiki/It_(novel),NA_not-pub-domain,,1987.0,1987-03-01,5.0,2466.0,IT,,,False,,,,,1986-01-01
378,It,Stephen King,1986,English,horror,1947,ALIVE,male,eng,US,"horror tales,science fiction,novels,horror fiction,fiction,fantasy fiction,television production and direction,television authorship,short stories,motion pictures production and direction,motion picture authorship,acting","novelists,television writers,television producers and directors,screenwriters,motion picture producers and directors,authors,actors",7587.0,572.0,371.0,294.0,291.0,4.24,"1,103,157","35,659",56,78,4020485483.0,97113511,https://www.goodreads.com/book/show/830502.It?from_search=true&from_srp=true&qid=J6v283vVaU&rank=3,https://en.wikipedia.org/wiki/It_(novel),NA_not-pub-domain,,1987.0,1987-03-08,4.0,2466.0,IT,,,False,,,,,1986-01-01
378,It,Stephen King,1986,English,horror,1947,ALIVE,male,eng,US,"horror tales,science fiction,novels,horror fiction,fiction,fantasy fiction,television production and direction,television authorship,short stories,motion pictures production and direction,motion picture authorship,acting","novelists,television writers,television producers and directors,screenwriters,motion picture producers and directors,authors,actors",7587.0,572.0,371.0,294.0,291.0,4.24,"1,103,157","35,659",56,78,4020485483.0,97113511,https://www.goodreads.com/book/show/830502.It?from_search=true&from_srp=true&qid=J6v283vVaU&rank=3,https://en.wikipedia.org/wiki/It_(novel),NA_not-pub-domain,,1987.0,1987-03-15,7.0,2466.0,IT,,,False,,,,,1986-01-01
378,It,Stephen King,1986,English,horror,1947,ALIVE,male,eng,US,"horror tales,science fiction,novels,horror fiction,fiction,fantasy fiction,television production and direction,television authorship,short stories,motion pictures production and direction,motion picture authorship,acting","novelists,television writers,television producers and directors,screenwriters,motion picture producers and directors,authors,actors",7587.0,572.0,371.0,294.0,291.0,4.24,"1,103,157","35,659",56,78,4020485483.0,97113511,https://www.goodreads.com/book/show/830502.It?from_search=true&from_srp=true&qid=J6v283vVaU&rank=3,https://en.wikipedia.org/wiki/It_(novel),NA_not-pub-domain,,1987.0,1987-03-22,7.0,2466.0,IT,,,False,,,,,1986-01-01
378,It,Stephen King,1986,English,horror,1947,ALIVE,male,eng,US,"horror tales,science fiction,novels,horror fiction,fiction,fantasy fiction,television production and direction,television authorship,short stories,motion pictures production and direction,motion picture authorship,acting","novelists,television writers,television producers and directors,screenwriters,motion picture producers and directors,authors,actors",7587.0,572.0,371.0,294.0,291.0,4.24,"1,103,157","35,659",56,78,4020485483.0,97113511,https://www.goodreads.com/book/show/830502.It?from_search=true&from_srp=true&qid=J6v283vVaU&rank=3,https://en.wikipedia.org/wiki/It_(novel),NA_not-pub-domain,,1987.0,1987-03-29,8.0,2466.0,IT,,,False,,,,,1986-01-01
378,It,Stephen King,1986,English,horror,1947,ALIVE,male,eng,US,"horror tales,science fiction,novels,horror fiction,fiction,fantasy fiction,television production and direction,television authorship,short stories,motion pictures production and direction,motion picture authorship,acting","novelists,television writers,television producers and directors,screenwriters,motion picture producers and directors,authors,actors",7587.0,572.0,371.0,294.0,291.0,4.24,"1,103,157","35,659",56,78,4020485483.0,97113511,https://www.goodreads.com/book/show/830502.It?from_search=true&from_srp=true&qid=J6v283vVaU&rank=3,https://en.wikipedia.org/wiki/It_(novel),NA_not-pub-domain,,1987.0,1987-04-05,11.0,2466.0,IT,,,False,,,,,1986-01-01
378,It,Stephen King,1986,English,horror,1947,ALIVE,male,eng,US,"horror tales,science fiction,novels,horror fiction,fiction,fantasy fiction,television production and direction,television authorship,short stories,motion pictures production and direction,motion picture authorship,acting","novelists,television writers,television producers and directors,screenwriters,motion picture producers and directors,authors,actors",7587.0,572.0,371.0,294.0,291.0,4.24,"1,103,157","35,659",56,78,4020485483.0,97113511,https://www.goodreads.com/book/show/830502.It?from_search=true&from_srp=true&qid=J6v283vVaU&rank=3,https://en.wikipedia.org/wiki/It_(novel),NA_not-pub-domain,,1987.0,1987-04-12,10.0,2466.0,IT,,,False,,,,,1986-01-01
378,It,Stephen King,1986,English,horror,1947,ALIVE,male,eng,US,"horror tales,science fiction,novels,horror fiction,fiction,fantasy fiction,television production and direction,television authorship,short stories,motion pictures production and direction,motion picture authorship,acting","novelists,television writers,television producers and directors,screenwriters,motion picture producers and directors,authors,actors",7587.0,572.0,371.0,294.0,291.0,4.24,"1,103,157","35,659",56,78,4020485483.0,97113511,https://www.goodreads.com/book/show/830502.It?from_search=true&from_srp=true&qid=J6v283vVaU&rank=3,https://en.wikipedia.org/wiki/It_(novel),NA_not-pub-domain,,1987.0,1987-04-19,15.0,2466.0,IT,,,False,,,,,1986-01-01
378,It,Stephen King,1986,English,horror,1947,ALIVE,male,eng,US,"horror tales,science fiction,novels,horror fiction,fiction,fantasy fiction,television production and direction,television authorship,short stories,motion pictures production and direction,motion picture authorship,acting","novelists,television writers,television producers and directors,screenwriters,motion picture producers and directors,authors,actors",7587.0,572.0,371.0,294.0,291.0,4.24,"1,103,157","35,659",56,78,4020485483.0,97113511,https://www.goodreads.com/book/show/830502.It?from_search=true&from_srp=true&qid=J6v283vVaU&rank=3,https://en.wikipedia.org/wiki/It_(novel),NA_not-pub-domain,,1987.0,1987-04-26,13.0,2466.0,IT,,,False,,,,,1986-01-01
378,It,Stephen King,1986,English,horror,1947,ALIVE,male,eng,US,"horror tales,science fiction,novels,horror fiction,fiction,fantasy fiction,television production and direction,television authorship,short stories,motion pictures production and direction,motion picture authorship,acting","novelists,television writers,television producers and directors,screenwriters,motion picture producers and directors,authors,actors",7587.0,572.0,371.0,294.0,291.0,4.24,"1,103,157","35,659",56,78,4020485483.0,97113511,https://www.goodreads.com/book/show/830502.It?from_search=true&from_srp=true&qid=J6v283vVaU&rank=3,https://en.wikipedia.org/wiki/It_(novel),NA_not-pub-domain,,1987.0,1987-05-03,15.0,2466.0,IT,,,False,,,,,1986-01-01
378,It,Stephen King,1986,English,horror,1947,ALIVE,male,eng,US,"horror tales,science fiction,novels,horror fiction,fiction,fantasy fiction,television production and direction,television authorship,short stories,motion pictures production and direction,motion picture authorship,acting","novelists,television writers,television producers and directors,screenwriters,motion picture producers and directors,authors,actors",7587.0,572.0,371.0,294.0,291.0,4.24,"1,103,157","35,659",56,78,4020485483.0,97113511,https://www.goodreads.com/book/show/830502.It?from_search=true&from_srp=true&qid=J6v283vVaU&rank=3,https://en.wikipedia.org/wiki/It_(novel),NA_not-pub-domain,,1987.0,1987-05-24,15.0,2466.0,IT,,,False,,,,,1986-01-01
379,The Rainmaker,John Grisham,1995,English,na,1955,ALIVE,male,eng,US,"motion pictures production and direction,motion picture authorship,law,fiction authorship,acting","screenwriters,novelists,motion picture producers and directors,lawyers,authors,actors",7054.0,510.0,332.0,336.0,312.0,4.0,"195,819","2,633",230,243,334880.0,7449742,https://www.goodreads.com/book/show/5349.The_Rainmaker?ref=nav_sb_ss_1_13,https://en.wikipedia.org/wiki/The_Rainmaker_(novel),NA_not-pub-domain,,,,,,,,,False,,,,,1995-01-01
380,The Poisonwood Bible,Barbara Kingsolver,1998,English,na,1955,ALIVE,female,eng,US,"writing,novels,literature,fiction authorship,creative nonficton","poets,journalists,biologists,authors",7096.0,445.0,178.0,333.0,428.0,4.09,"741,144","27,382",155,108,262231.0,79097759,https://www.goodreads.com/book/show/7244.The_Poisonwood_Bible?ref=nav_sb_ss_1_20,https://en.wikipedia.org/wiki/The_Poisonwood_Bible,NA_not-pub-domain,,,,,,,,,False,,,,,1998-01-01
381,The Indian in the Cupboard,Lynne Reid Banks,1980,English,fantasy,1929,ALIVE,female,eng,GB,"literature,childrens literature",authors,6851.0,316.0,195.0,365.0,409.0,3.93,"105,462","2,700",299,313,645958.0,39373210,https://www.goodreads.com/book/show/125404.The_Indian_in_the_Cupboard?ref=nav_sb_ss_1_26,https://en.wikipedia.org/wiki/The_Indian_in_the_Cupboard,NA_not-pub-domain,,,,,,,,,False,,,,,1980-01-01
382,The Maltese Falcon,Dashiell Hammett,1930,English,mystery,1894,1961,male,eng,US,,authors american,6155.0,318.0,489.0,444.0,246.0,3.88,"106,465","6,509",340,311,3943347731.0,73854531,https://www.goodreads.com/book/show/29999.The_Maltese_Falcon?ref=nav_sb_ss_1_18,https://en.wikipedia.org/wiki/The_Maltese_Falcon_(novel),NA_not-pub-domain,,,,,,,,,False,,,,,1930-01-01
383,The Warden,Anthony Trollope,1855,English,na,1815,1882,male,eng,GB,novels,novelists,7049.0,4610.0,737.0,338.0,187.0,3.74,"16,922","1,895",426,467,3415.0,61683295,https://www.goodreads.com/book/show/267123.The_Warden?ref=nav_sb_ss_1_10,https://en.wikipedia.org/wiki/The_Warden,https://www.gutenberg.org/cache/epub/619/pg619.txt,,,,,,,427011.0,74849.0,True,1450.0,297.0,210.0,619,1855-01-01
384,The Summons,John Grisham,2002,English,thrillers,1955,ALIVE,male,eng,US,"motion pictures production and direction,motion picture authorship,law,fiction authorship,acting","screenwriters,novelists,motion picture producers and directors,lawyers,authors,actors",6966.0,449.0,280.0,353.0,345.0,3.72,"77,756","2,620",433,349,835970.0,7449742,https://www.goodreads.com/book/show/5352.The_Summons?ref=nav_sb_ss_1_11,https://en.wikipedia.org/wiki/The_Summons_(Grisham_novel),NA_not-pub-domain,,,,,,,,,False,,,,,2002-01-01
385,Encyclopedia Brown: Boy Detective,Donald J. Sobol,1963,English,mystery,1924,2012,male,eng,US,childrens literature,authors,4116.0,317.0,114.0,492.0,470.0,4.05,"39,548",875,184,411,4061427490.0,109932076,https://www.goodreads.com/book/show/789344.Encyclopedia_Brown_Boy_Detective?ref=nav_sb_ss_1_33,https://en.wikipedia.org/wiki/Encyclopedia_Brown,NA_not-pub-domain,,,,,,,,,False,,,,,1963-01-01
386,The Time Traveler's Wife,Audrey Niffenegger,2003,English,na,1963,ALIVE,female,eng,US,,,6588.0,195.0,261.0,395.0,355.0,3.99,"1,780,483","53,343",242,47,196729856.0,85470258,https://www.goodreads.com/book/show/18619684-the-time-traveler-s-wife?ref=nav_sb_ss_1_24,https://en.wikipedia.org/wiki/The_Time_Traveler%27s_Wife,NA_not-pub-domain,,,,,,,,,False,,,,,2003-01-01
387,The Incredible Journey,Sheila Burnford,1961,English,action,1918,1984,female,eng,CA,childrens literature,childrens author,6888.0,298.0,341.0,360.0,309.0,4.16,"51,453","1,251",94,392,60425.0,79021615,https://www.goodreads.com/book/show/231821.The_Incredible_Journey?ref=nav_sb_ss_1_22,https://en.wikipedia.org/wiki/The_Incredible_Journey,NA_not-pub-domain,,,,,,,,,False,,,,,1961-01-01
388,Daughter of Fortune,Isabel Allende,1998,Spanish,romance,1942,ALIVE,female,spa,CL,"fiction,novels","authors,novelists",6938.0,188.0,322.0,355.0,320.0,3.93,"131,303","5,208",300,285,4917866861.0,61556825,https://www.goodreads.com/book/show/16527.Daughter_of_Fortune?ref=nav_sb_ss_1_19,https://en.wikipedia.org/wiki/Daughter_of_Fortune,NA_not-pub-domain,unavailable,,,,,,,,False,,,,,1998-01-01
389,Shirley,Charlotte Brontë,1849,English,history,1816,1855,female,eng,GB,"poetry,novels","poets,novelists,governesses",7141.0,3784.0,1051.0,326.0,146.0,3.76,"34,582","1,608",418,427,327396.0,71388025,https://www.goodreads.com/book/show/31168.Shirley?ref=nav_sb_ss_3_7,https://en.wikipedia.org/wiki/Shirley_(novel),https://www.gutenberg.org/cache/epub/30486/pg30486.txt,,,,,,,1273769.0,219283.0,True,1802.0,2195.0,719.0,30486,1849-01-01
390,"Bud, Not Buddy",Christopher Paul Curtis,1999,English,history,1953,ALIVE,male,eng,US,childrens literature,authors,6680.0,500.0,98.0,383.0,479.0,3.96,"109,898","6,123",273,305,50990.0,23283378,https://www.goodreads.com/book/show/368468.Bud_Not_Buddy?ref=nav_sb_ss_1_14,"https://en.wikipedia.org/wiki/Bud,_Not_Buddy",NA_not-pub-domain,,,,,,,,,False,,,,,1999-01-01
391,The Horse Whisperer,Nicholas Evans,1995,English,na,1950,2022,male,eng,GB,,,5763.0,226.0,250.0,463.0,366.0,3.85,"58,422","2,299",365,379,425491.0,69133114,https://www.goodreads.com/book/show/479415.The_Horse_Whisperer?ref=nav_sb_ss_1_19,https://en.wikipedia.org/wiki/The_Horse_Whisperer_(novel),NA_not-pub-domain,,,,,,,,,False,,,,,1995-01-01
392,The Street Lawyer,John Grisham,1998,English,thrillers,1955,ALIVE,male,eng,US,"motion pictures production and direction,motion picture authorship,law,fiction authorship,acting","screenwriters,novelists,motion picture producers and directors,lawyers,authors,actors",6817.0,506.0,344.0,370.0,307.0,3.88,"115,688","3,084",341,299,536148.0,7449742,https://www.goodreads.com/book/show/5351.The_Street_Lawyer?ref=nav_sb_ss_1_17,https://en.wikipedia.org/wiki/The_Street_Lawyer,NA_not-pub-domain,,,,,,,,,False,,,,,1998-01-01
393,Nausea,Jean-Paul Sartre,1938,French,na,1905,1980,male,fre,FR,,"political activists,philosophers,novelists,dramatists,critics,biographers",7154.0,135.0,893.0,323.0,163.0,3.94,"118,382","5,722",295,298,4820479466.0,76322562,https://www.goodreads.com/book/show/298275.Nausea?ref=nav_sb_ss_1_6,https://en.wikipedia.org/wiki/Nausea_(novel),NA_not-pub-domain,unavailable,,,,,,,,False,,,,,1938-01-01
394,To Have and Have Not,Ernest Hemingway,1937,English,action,1899,1961,male,eng,US,"short stories,novels,journalism,fiction","novelists,journalists",6569.0,154.0,503.0,399.0,241.0,3.52,"32,443","2,199",484,430,433183.0,97006051,https://www.goodreads.com/book/show/4630.To_Have_and_Have_Not?ref=nav_sb_ss_1_20,https://en.wikipedia.org/wiki/To_Have_and_Have_Not,NA_not-pub-domain,,,,,,,,,False,,,,,1937-01-01
395,The Bridges of Madison County,Robert James Waller,1992,English,romance,1939,2017,male,eng,US,,"deans education,college teachers,business teachers,authors",5938.0,190.0,202.0,459.0,402.0,3.69,"96,678","6,126",450,325,1067102.0,2541537,https://www.goodreads.com/book/show/83674.The_Bridges_of_Madison_County?ref=nav_sb_ss_1_29,https://en.wikipedia.org/wiki/The_Bridges_of_Madison_County,NA_not-pub-domain,,,,,,,,,False,,,,,1992-01-01
396,Anne of the Island,L.M. Montgomery,1915,English,na,1874,1942,female,eng,CA,"novels,fiction,childrens stories","novelists,authors",6699.0,2966.0,497.0,379.0,245.0,4.27,"172,512","7,581",46,260,4915227730.0,30145542359096640697,https://www.goodreads.com/book/show/123280461-anne-of-the-island?ref=nav_sb_ss_1_18,https://en.wikipedia.org/wiki/Anne_of_the_Island,https://www.gutenberg.org/cache/epub/51/pg51.txt,,,,,,,453661.0,79604.0,True,405.0,775.0,243.0,51,1915-01-01
397,The Winter of Our Discontent,John Steinbeck,1961,English,na,1902,1968,male,eng,US,literature,authors,7028.0,224.0,225.0,344.0,383.0,4.0,"47,691","2,944",231,397,1272552.0,96992551,https://www.goodreads.com/book/show/4796.The_Winter_of_Our_Discontent?ref=nav_sb_ss_1_28,https://en.wikipedia.org/wiki/The_Winter_of_Our_Discontent,NA_not-pub-domain,,,,,,,,,False,,,,,1961-01-01
398,The Shining,Stephen King,1977,English,horror,1947,ALIVE,male,eng,US,"horror tales,science fiction,novels,horror fiction,fiction,fantasy fiction,television production and direction,television authorship,short stories,motion pictures production and direction,motion picture authorship,acting","novelists,television writers,television producers and directors,screenwriters,motion picture producers and directors,authors,actors",7117.0,568.0,513.0,329.0,237.0,4.27,"1,478,831","38,366",47,59,4915110710.0,97113511,https://www.goodreads.com/book/show/11588.The_Shining?ref=nav_sb_ss_1_11,https://en.wikipedia.org/wiki/The_Shining_(novel),NA_not-pub-domain,,,,,,,,,False,,,,,1977-01-01
399,The Tenant of Wildfell Hall,Anne Brontë,1848,English,na,1820,1849,female,eng,GB,"poetry,fiction","poets,novelists",6528.0,6031.0,766.0,402.0,185.0,4.01,"115,181","7,561",220,300,2823515003.0,14766877,https://www.goodreads.com/book/show/337113.The_Tenant_of_Wildfell_Hall?ref=nav_sb_ss_1_27,https://en.wikipedia.org/wiki/The_Tenant_of_Wildfell_Hall,https://www.gutenberg.org/cache/epub/969/pg969.txt,,,,,,,973344.0,171762.0,True,1955.0,1224.0,293.0,969,1848-01-01
400,First Family,David Baldacci,2009,English,thrillers,1960,ALIVE,male,eng,US,"law,novels,fiction authorship,corporation law,political science","lawyers,authors,novelists,corporate lawyers",4272.0,450.0,91.0,490.0,485.0,4.09,"44,079","2,316",156,403,178498655.0,102339955,https://www.goodreads.com/book/show/5509321-first-family?from_search=true&from_srp=true&qid=DOLGOmTApy&rank=8,https://en.wikipedia.org/wiki/First_Family_(novel),NA_not-pub-domain,,,,,,,,,False,,,,,2009-01-01
401,The Partner,John Grisham,1997,English,thrillers,1955,ALIVE,male,eng,US,"motion pictures production and direction,motion picture authorship,law,fiction authorship,acting","screenwriters,novelists,motion picture producers and directors,lawyers,authors,actors",6356.0,510.0,306.0,420.0,332.0,3.96,"127,490","3,260",274,290,2261177521.0,7449742,https://www.goodreads.com/book/show/5350.The_Partner?ref=nav_sb_ss_1_11,https://en.wikipedia.org/wiki/The_Partner_(Grisham_novel),NA_not-pub-domain,,,,,,,,,False,,,,,1997-01-01
402,The Girl on the Train,Paula Hawkins,2015,English,na,1972,ALIVE,female,eng,GB,,"novelists,journalists",7828.0,549.0,303.0,278.0,334.0,3.96,"2,924,281","126,289",275,26,1893823440.0,14277202,https://www.goodreads.com/book/show/22557272-the-girl-on-the-train?ref=nav_sb_ss_1_21,https://en.wikipedia.org/wiki/The_Girl_on_the_Train_(novel),NA_not-pub-domain,,,,,,,,,False,,,,,2015-01-01
403,The Black Arrow: A Tale of the Two Roses,Robert Louis Stevenson,1888,English,history,1850,1894,male,eng,GB,,"travel writers,poets,novelists",6745.0,4608.0,1002.0,375.0,152.0,3.8,"18,676",831,396,465,576237.0,95207986,https://www.goodreads.com/book/show/57932829-the-black-arrow?ref=nav_sb_ss_2_40,https://en.wikipedia.org/wiki/The_Black_Arrow:_A_Tale_of_the_Two_Roses,https://www.gutenberg.org/cache/epub/32954/pg32954.txt,,,,,,,470412.0,83242.0,True,1069.0,115.0,358.0,32954,1888-01-01
404,The Rise of Silas Lapham,William Dean Howells,1885,English,na,1837,1920,male,eng,US,,"dramatists,critics,authors",,,,,,3.42,"4,090",281,495,494,,95191935,https://www.goodreads.com/book/show/381362.The_Rise_of_Silas_Lapham?ref=nav_sb_ss_1_24,https://en.wikipedia.org/wiki/The_Rise_of_Silas_Lapham,https://www.gutenberg.org/cache/epub/154/pg154.txt,,,,,,,734007.0,131788.0,True,2104.0,1224.0,593.0,154,1885-01-01
405,The Choice,Nicholas Sparks,2007,English,romance,1965,ALIVE,male,eng,US,"motion pictures production and direction,motion picture authorship,generosity,fiction","screenwriters,philanthropists,motion picture producers and directors,authors",6576.0,585.0,178.0,397.0,429.0,4.01,"183,247","8,745",221,252,104247612.0,117604749,https://www.goodreads.com/book/show/25402194-the-choice?ref=nav_sb_ss_2_10,https://en.wikipedia.org/wiki/The_Choice_(novel),NA_not-pub-domain,,,,,,,,,False,,,,,2007-01-01
406,The Virginian: A Horseman of the Plains,Owen Wister,1902,English,na,1860,1938,male,eng,US,western stories authorship,authors,6619.0,620.0,369.0,391.0,293.0,3.91,"9,116","1,037",317,488,392450.0,100961029,https://www.goodreads.com/book/show/23502804-the-virginian?ref=nav_sb_ss_1_39,https://en.wikipedia.org/wiki/The_Virginian_(novel),https://www.gutenberg.org/cache/epub/1298/pg1298.txt,,,,,,,746468.0,132360.0,True,2128.0,891.0,569.0,1298,1902-01-01
407,A Walk to Remember,Nicholas Sparks,1999,English,romance,1965,ALIVE,male,eng,US,"motion pictures production and direction,motion picture authorship,generosity,fiction","screenwriters,philanthropists,motion picture producers and directors,authors",6046.0,429.0,147.0,453.0,459.0,4.2,"802,633","16,573",75,100,4980.0,117604749,https://www.goodreads.com/book/show/35545737-a-walk-to-remember?ref=nav_sb_ss_1_18,https://en.wikipedia.org/wiki/A_Walk_to_Remember_(novel),NA_not-pub-domain,,,,,,,,,False,,,,,1999-01-01
408,The Maze Runner,James Dashner,2009,English,scifi,1972,ALIVE,male,eng,US,,"authors,novelists",7044.0,781.0,164.0,341.0,443.0,4.05,"1,517,070","65,020",185,58,180120463.0,73227751,https://www.goodreads.com/book/show/6186357-the-maze-runner?ref=nav_sb_ss_1_15,https://en.wikipedia.org/wiki/The_Maze_Runner,NA_not-pub-domain,,,,,,,,,False,,,,,2009-01-01
409,The Westing Game,Ellen Raskin,1978,English,mystery,1928,1984,female,eng,US,,"illustrators,authors",7041.0,403.0,136.0,343.0,465.0,4.0,"211,873","14,250",232,233,50096.0,13605190,https://www.goodreads.com/book/show/902.The_Westing_Game?ref=nav_sb_ss_1_16,https://en.wikipedia.org/wiki/The_Westing_Game,NA_not-pub-domain,,,,,,,,,False,,,,,1978-01-01
410,Misty of Chincoteague,Marguerite Henry,1947,English,na,1902,1997,female,eng,US,childrens literature,author,6659.0,131.0,187.0,387.0,416.0,4.07,"45,434","1,464",168,399,37776826.0,91717300,https://www.goodreads.com/book/show/17461.Misty_of_Chincoteague?ref=nav_sb_ss_1_21,https://en.wikipedia.org/wiki/Misty_of_Chincoteague_(novel),NA_not-pub-domain,,,,,,,,,False,,,,,1947-01-01
411,Diary of a Wimpy Kid: The Last Straw,Jeff Kinney,2009,English,na,1971,ALIVE,male,eng,US,"computer games design,childrens literature,caricatures and cartoons","designers,cartoonists,authors",7622.0,695.0,155.0,290.0,452.0,4.15,"156,501","5,976",106,269,4020679019.0,30742915,https://www.goodreads.com/book/show/3293821-the-last-straw?ref=nav_sb_ss_2_36,https://en.wikipedia.org/wiki/Diary_of_a_Wimpy_Kid:_The_Last_Straw,NA_not-pub-domain,,,,,,,,,False,,,,,2009-01-01
412,King Solomon's Mines,H. Rider Haggard,1885,English,action,1856,1925,male,eng,GB,,"novelists,authors",6174.0,4407.0,703.0,442.0,201.0,3.79,"49,460","2,608",405,393,3463.0,9841446,https://www.goodreads.com/book/show/23814.King_Solomon_s_Mines?ref=nav_sb_ss_1_20,https://en.wikipedia.org/wiki/King_Solomon%27s_Mines,https://www.gutenberg.org/cache/epub/2166/pg2166.txt,,,,,,,472918.0,85258.0,True,643.0,140.0,271.0,2166,1885-01-01
413,The Princess of Cleves,Madame de (Marie-Madeleine Pioche de La Vergne) La Fayett,1678,French,na,1634,1693,female,fre,FR,,,,,,,,3.35,"16,080",932,496,469,,95237212,https://www.goodreads.com/book/show/1048601.The_Princess_of_Cleves?ref=nav_sb_ss_1_22,https://en.wikipedia.org/wiki/La_Princesse_de_Cl%C3%A8ves,https://www.gutenberg.org/cache/epub/467/pg467.txt,https://www.gutenberg.org/cache/epub/18797/pg18797.txt,,,,,,356712.0,64608.0,True,1144.0,1157.0,165.0,467,1678-01-01
414,Jacob Have I Loved,Katherine Paterson,1980,English,na,1932,ALIVE,female,eng,US,"literacy,childrens literature,authorship",authors,6528.0,195.0,122.0,403.0,468.0,3.69,"34,192","2,339",451,428,439856.0,98108465,https://www.goodreads.com/book/show/337058.Jacob_Have_I_Loved?ref=nav_sb_ss_1_18,https://en.wikipedia.org/wiki/Jacob_Have_I_Loved,NA_not-pub-domain,,,,,,,,,False,,,,,1980-01-01
415,Mrs. Frisby and the Rats of NIMH,Robert C. O'Brien,1971,English,fantasy,1918,1973,male,eng,US,"science fiction,fantasy fiction,chindrens literature","journalists,authors",7109.0,132.0,166.0,331.0,439.0,4.16,"178,156","4,635",95,257,4916172871.0,107012026,https://www.goodreads.com/book/show/9822.Mrs_Frisby_and_the_Rats_of_NIMH?ref=nav_sb_ss_1_32,https://en.wikipedia.org/wiki/Mrs._Frisby_and_the_Rats_of_NIMH,NA_not-pub-domain,,,,,,,,,False,,,,,1971-01-01
416,Misery,Stephen King,1987,English,horror,1947,ALIVE,male,eng,US,"horror tales,science fiction,novels,horror fiction,fiction,fantasy fiction,television production and direction,television authorship,short stories,motion pictures production and direction,motion picture authorship,acting","novelists,television writers,television producers and directors,screenwriters,motion picture producers and directors,authors,actors",6670.0,482.0,454.0,385.0,260.0,4.21,"692,704","25,834",66,116,768970.0,97113511,https://www.goodreads.com/book/show/10614.Misery?ref=nav_sb_ss_1_6,https://en.wikipedia.org/wiki/Misery_(novel),NA_not-pub-domain,,1987.0,1987-06-07,1.0,3016.0,MISERY,,,False,,,,,1987-01-01
416,Misery,Stephen King,1987,English,horror,1947,ALIVE,male,eng,US,"horror tales,science fiction,novels,horror fiction,fiction,fantasy fiction,television production and direction,television authorship,short stories,motion pictures production and direction,motion picture authorship,acting","novelists,television writers,television producers and directors,screenwriters,motion picture producers and directors,authors,actors",6670.0,482.0,454.0,385.0,260.0,4.21,"692,704","25,834",66,116,768970.0,97113511,https://www.goodreads.com/book/show/10614.Misery?ref=nav_sb_ss_1_6,https://en.wikipedia.org/wiki/Misery_(novel),NA_not-pub-domain,,1987.0,1987-06-14,1.0,3016.0,MISERY,,,False,,,,,1987-01-01
416,Misery,Stephen King,1987,English,horror,1947,ALIVE,male,eng,US,"horror tales,science fiction,novels,horror fiction,fiction,fantasy fiction,television production and direction,television authorship,short stories,motion pictures production and direction,motion picture authorship,acting","novelists,television writers,television producers and directors,screenwriters,motion picture producers and directors,authors,actors",6670.0,482.0,454.0,385.0,260.0,4.21,"692,704","25,834",66,116,768970.0,97113511,https://www.goodreads.com/book/show/10614.Misery?ref=nav_sb_ss_1_6,https://en.wikipedia.org/wiki/Misery_(novel),NA_not-pub-domain,,1987.0,1987-06-21,1.0,3016.0,MISERY,,,False,,,,,1987-01-01
416,Misery,Stephen King,1987,English,horror,1947,ALIVE,male,eng,US,"horror tales,science fiction,novels,horror fiction,fiction,fantasy fiction,television production and direction,television authorship,short stories,motion pictures production and direction,motion picture authorship,acting","novelists,television writers,television producers and directors,screenwriters,motion picture producers and directors,authors,actors",6670.0,482.0,454.0,385.0,260.0,4.21,"692,704","25,834",66,116,768970.0,97113511,https://www.goodreads.com/book/show/10614.Misery?ref=nav_sb_ss_1_6,https://en.wikipedia.org/wiki/Misery_(novel),NA_not-pub-domain,,1987.0,1987-06-28,1.0,3016.0,MISERY,,,False,,,,,1987-01-01
416,Misery,Stephen King,1987,English,horror,1947,ALIVE,male,eng,US,"horror tales,science fiction,novels,horror fiction,fiction,fantasy fiction,television production and direction,television authorship,short stories,motion pictures production and direction,motion picture authorship,acting","novelists,television writers,television producers and directors,screenwriters,motion picture producers and directors,authors,actors",6670.0,482.0,454.0,385.0,260.0,4.21,"692,704","25,834",66,116,768970.0,97113511,https://www.goodreads.com/book/show/10614.Misery?ref=nav_sb_ss_1_6,https://en.wikipedia.org/wiki/Misery_(novel),NA_not-pub-domain,,1987.0,1987-07-05,1.0,3016.0,MISERY,,,False,,,,,1987-01-01
416,Misery,Stephen King,1987,English,horror,1947,ALIVE,male,eng,US,"horror tales,science fiction,novels,horror fiction,fiction,fantasy fiction,television production and direction,television authorship,short stories,motion pictures production and direction,motion picture authorship,acting","novelists,television writers,television producers and directors,screenwriters,motion picture producers and directors,authors,actors",6670.0,482.0,454.0,385.0,260.0,4.21,"692,704","25,834",66,116,768970.0,97113511,https://www.goodreads.com/book/show/10614.Misery?ref=nav_sb_ss_1_6,https://en.wikipedia.org/wiki/Misery_(novel),NA_not-pub-domain,,1987.0,1987-07-12,1.0,3016.0,MISERY,,,False,,,,,1987-01-01
416,Misery,Stephen King,1987,English,horror,1947,ALIVE,male,eng,US,"horror tales,science fiction,novels,horror fiction,fiction,fantasy fiction,television production and direction,television authorship,short stories,motion pictures production and direction,motion picture authorship,acting","novelists,television writers,television producers and directors,screenwriters,motion picture producers and directors,authors,actors",6670.0,482.0,454.0,385.0,260.0,4.21,"692,704","25,834",66,116,768970.0,97113511,https://www.goodreads.com/book/show/10614.Misery?ref=nav_sb_ss_1_6,https://en.wikipedia.org/wiki/Misery_(novel),NA_not-pub-domain,,1987.0,1987-07-19,1.0,3016.0,MISERY,,,False,,,,,1987-01-01
416,Misery,Stephen King,1987,English,horror,1947,ALIVE,male,eng,US,"horror tales,science fiction,novels,horror fiction,fiction,fantasy fiction,television production and direction,television authorship,short stories,motion pictures production and direction,motion picture authorship,acting","novelists,television writers,television producers and directors,screenwriters,motion picture producers and directors,authors,actors",6670.0,482.0,454.0,385.0,260.0,4.21,"692,704","25,834",66,116,768970.0,97113511,https://www.goodreads.com/book/show/10614.Misery?ref=nav_sb_ss_1_6,https://en.wikipedia.org/wiki/Misery_(novel),NA_not-pub-domain,,1987.0,1987-07-26,2.0,3016.0,MISERY,,,False,,,,,1987-01-01
416,Misery,Stephen King,1987,English,horror,1947,ALIVE,male,eng,US,"horror tales,science fiction,novels,horror fiction,fiction,fantasy fiction,television production and direction,television authorship,short stories,motion pictures production and direction,motion picture authorship,acting","novelists,television writers,television producers and directors,screenwriters,motion picture producers and directors,authors,actors",6670.0,482.0,454.0,385.0,260.0,4.21,"692,704","25,834",66,116,768970.0,97113511,https://www.goodreads.com/book/show/10614.Misery?ref=nav_sb_ss_1_6,https://en.wikipedia.org/wiki/Misery_(novel),NA_not-pub-domain,,1987.0,1987-08-02,3.0,3016.0,MISERY,,,False,,,,,1987-01-01
416,Misery,Stephen King,1987,English,horror,1947,ALIVE,male,eng,US,"horror tales,science fiction,novels,horror fiction,fiction,fantasy fiction,television production and direction,television authorship,short stories,motion pictures production and direction,motion picture authorship,acting","novelists,television writers,television producers and directors,screenwriters,motion picture producers and directors,authors,actors",6670.0,482.0,454.0,385.0,260.0,4.21,"692,704","25,834",66,116,768970.0,97113511,https://www.goodreads.com/book/show/10614.Misery?ref=nav_sb_ss_1_6,https://en.wikipedia.org/wiki/Misery_(novel),NA_not-pub-domain,,1987.0,1987-08-09,3.0,3016.0,MISERY,,,False,,,,,1987-01-01
416,Misery,Stephen King,1987,English,horror,1947,ALIVE,male,eng,US,"horror tales,science fiction,novels,horror fiction,fiction,fantasy fiction,television production and direction,television authorship,short stories,motion pictures production and direction,motion picture authorship,acting","novelists,television writers,television producers and directors,screenwriters,motion picture producers and directors,authors,actors",6670.0,482.0,454.0,385.0,260.0,4.21,"692,704","25,834",66,116,768970.0,97113511,https://www.goodreads.com/book/show/10614.Misery?ref=nav_sb_ss_1_6,https://en.wikipedia.org/wiki/Misery_(novel),NA_not-pub-domain,,1987.0,1987-08-16,3.0,3016.0,MISERY,,,False,,,,,1987-01-01
416,Misery,Stephen King,1987,English,horror,1947,ALIVE,male,eng,US,"horror tales,science fiction,novels,horror fiction,fiction,fantasy fiction,television production and direction,television authorship,short stories,motion pictures production and direction,motion picture authorship,acting","novelists,television writers,television producers and directors,screenwriters,motion picture producers and directors,authors,actors",6670.0,482.0,454.0,385.0,260.0,4.21,"692,704","25,834",66,116,768970.0,97113511,https://www.goodreads.com/book/show/10614.Misery?ref=nav_sb_ss_1_6,https://en.wikipedia.org/wiki/Misery_(novel),NA_not-pub-domain,,1987.0,1987-08-23,3.0,3016.0,MISERY,,,False,,,,,1987-01-01
416,Misery,Stephen King,1987,English,horror,1947,ALIVE,male,eng,US,"horror tales,science fiction,novels,horror fiction,fiction,fantasy fiction,television production and direction,television authorship,short stories,motion pictures production and direction,motion picture authorship,acting","novelists,television writers,television producers and directors,screenwriters,motion picture producers and directors,authors,actors",6670.0,482.0,454.0,385.0,260.0,4.21,"692,704","25,834",66,116,768970.0,97113511,https://www.goodreads.com/book/show/10614.Misery?ref=nav_sb_ss_1_6,https://en.wikipedia.org/wiki/Misery_(novel),NA_not-pub-domain,,1987.0,1987-08-30,3.0,3016.0,MISERY,,,False,,,,,1987-01-01
416,Misery,Stephen King,1987,English,horror,1947,ALIVE,male,eng,US,"horror tales,science fiction,novels,horror fiction,fiction,fantasy fiction,television production and direction,television authorship,short stories,motion pictures production and direction,motion picture authorship,acting","novelists,television writers,television producers and directors,screenwriters,motion picture producers and directors,authors,actors",6670.0,482.0,454.0,385.0,260.0,4.21,"692,704","25,834",66,116,768970.0,97113511,https://www.goodreads.com/book/show/10614.Misery?ref=nav_sb_ss_1_6,https://en.wikipedia.org/wiki/Misery_(novel),NA_not-pub-domain,,1987.0,1987-09-06,3.0,3016.0,MISERY,,,False,,,,,1987-01-01
416,Misery,Stephen King,1987,English,horror,1947,ALIVE,male,eng,US,"horror tales,science fiction,novels,horror fiction,fiction,fantasy fiction,television production and direction,television authorship,short stories,motion pictures production and direction,motion picture authorship,acting","novelists,television writers,television producers and directors,screenwriters,motion picture producers and directors,authors,actors",6670.0,482.0,454.0,385.0,260.0,4.21,"692,704","25,834",66,116,768970.0,97113511,https://www.goodreads.com/book/show/10614.Misery?ref=nav_sb_ss_1_6,https://en.wikipedia.org/wiki/Misery_(novel),NA_not-pub-domain,,1987.0,1987-09-13,3.0,3016.0,MISERY,,,False,,,,,1987-01-01
416,Misery,Stephen King,1987,English,horror,1947,ALIVE,male,eng,US,"horror tales,science fiction,novels,horror fiction,fiction,fantasy fiction,television production and direction,television authorship,short stories,motion pictures production and direction,motion picture authorship,acting","novelists,television writers,television producers and directors,screenwriters,motion picture producers and directors,authors,actors",6670.0,482.0,454.0,385.0,260.0,4.21,"692,704","25,834",66,116,768970.0,97113511,https://www.goodreads.com/book/show/10614.Misery?ref=nav_sb_ss_1_6,https://en.wikipedia.org/wiki/Misery_(novel),NA_not-pub-domain,,1987.0,1987-09-20,5.0,3016.0,MISERY,,,False,,,,,1987-01-01
416,Misery,Stephen King,1987,English,horror,1947,ALIVE,male,eng,US,"horror tales,science fiction,novels,horror fiction,fiction,fantasy fiction,television production and direction,television authorship,short stories,motion pictures production and direction,motion picture authorship,acting","novelists,television writers,television producers and directors,screenwriters,motion picture producers and directors,authors,actors",6670.0,482.0,454.0,385.0,260.0,4.21,"692,704","25,834",66,116,768970.0,97113511,https://www.goodreads.com/book/show/10614.Misery?ref=nav_sb_ss_1_6,https://en.wikipedia.org/wiki/Misery_(novel),NA_not-pub-domain,,1987.0,1987-09-27,5.0,3016.0,MISERY,,,False,,,,,1987-01-01
416,Misery,Stephen King,1987,English,horror,1947,ALIVE,male,eng,US,"horror tales,science fiction,novels,horror fiction,fiction,fantasy fiction,television production and direction,television authorship,short stories,motion pictures production and direction,motion picture authorship,acting","novelists,television writers,television producers and directors,screenwriters,motion picture producers and directors,authors,actors",6670.0,482.0,454.0,385.0,260.0,4.21,"692,704","25,834",66,116,768970.0,97113511,https://www.goodreads.com/book/show/10614.Misery?ref=nav_sb_ss_1_6,https://en.wikipedia.org/wiki/Misery_(novel),NA_not-pub-domain,,1987.0,1987-10-04,7.0,3016.0,MISERY,,,False,,,,,1987-01-01
416,Misery,Stephen King,1987,English,horror,1947,ALIVE,male,eng,US,"horror tales,science fiction,novels,horror fiction,fiction,fantasy fiction,television production and direction,television authorship,short stories,motion pictures production and direction,motion picture authorship,acting","novelists,television writers,television producers and directors,screenwriters,motion picture producers and directors,authors,actors",6670.0,482.0,454.0,385.0,260.0,4.21,"692,704","25,834",66,116,768970.0,97113511,https://www.goodreads.com/book/show/10614.Misery?ref=nav_sb_ss_1_6,https://en.wikipedia.org/wiki/Misery_(novel),NA_not-pub-domain,,1987.0,1987-10-11,8.0,3016.0,MISERY,,,False,,,,,1987-01-01
416,Misery,Stephen King,1987,English,horror,1947,ALIVE,male,eng,US,"horror tales,science fiction,novels,horror fiction,fiction,fantasy fiction,television production and direction,television authorship,short stories,motion pictures production and direction,motion picture authorship,acting","novelists,television writers,television producers and directors,screenwriters,motion picture producers and directors,authors,actors",6670.0,482.0,454.0,385.0,260.0,4.21,"692,704","25,834",66,116,768970.0,97113511,https://www.goodreads.com/book/show/10614.Misery?ref=nav_sb_ss_1_6,https://en.wikipedia.org/wiki/Misery_(novel),NA_not-pub-domain,,1987.0,1987-10-18,9.0,3016.0,MISERY,,,False,,,,,1987-01-01
416,Misery,Stephen King,1987,English,horror,1947,ALIVE,male,eng,US,"horror tales,science fiction,novels,horror fiction,fiction,fantasy fiction,television production and direction,television authorship,short stories,motion pictures production and direction,motion picture authorship,acting","novelists,television writers,television producers and directors,screenwriters,motion picture producers and directors,authors,actors",6670.0,482.0,454.0,385.0,260.0,4.21,"692,704","25,834",66,116,768970.0,97113511,https://www.goodreads.com/book/show/10614.Misery?ref=nav_sb_ss_1_6,https://en.wikipedia.org/wiki/Misery_(novel),NA_not-pub-domain,,1987.0,1987-10-25,10.0,3016.0,MISERY,,,False,,,,,1987-01-01
416,Misery,Stephen King,1987,English,horror,1947,ALIVE,male,eng,US,"horror tales,science fiction,novels,horror fiction,fiction,fantasy fiction,television production and direction,television authorship,short stories,motion pictures production and direction,motion picture authorship,acting","novelists,television writers,television producers and directors,screenwriters,motion picture producers and directors,authors,actors",6670.0,482.0,454.0,385.0,260.0,4.21,"692,704","25,834",66,116,768970.0,97113511,https://www.goodreads.com/book/show/10614.Misery?ref=nav_sb_ss_1_6,https://en.wikipedia.org/wiki/Misery_(novel),NA_not-pub-domain,,1987.0,1987-11-01,11.0,3016.0,MISERY,,,False,,,,,1987-01-01
416,Misery,Stephen King,1987,English,horror,1947,ALIVE,male,eng,US,"horror tales,science fiction,novels,horror fiction,fiction,fantasy fiction,television production and direction,television authorship,short stories,motion pictures production and direction,motion picture authorship,acting","novelists,television writers,television producers and directors,screenwriters,motion picture producers and directors,authors,actors",6670.0,482.0,454.0,385.0,260.0,4.21,"692,704","25,834",66,116,768970.0,97113511,https://www.goodreads.com/book/show/10614.Misery?ref=nav_sb_ss_1_6,https://en.wikipedia.org/wiki/Misery_(novel),NA_not-pub-domain,,1987.0,1987-11-08,12.0,3016.0,MISERY,,,False,,,,,1987-01-01
416,Misery,Stephen King,1987,English,horror,1947,ALIVE,male,eng,US,"horror tales,science fiction,novels,horror fiction,fiction,fantasy fiction,television production and direction,television authorship,short stories,motion pictures production and direction,motion picture authorship,acting","novelists,television writers,television producers and directors,screenwriters,motion picture producers and directors,authors,actors",6670.0,482.0,454.0,385.0,260.0,4.21,"692,704","25,834",66,116,768970.0,97113511,https://www.goodreads.com/book/show/10614.Misery?ref=nav_sb_ss_1_6,https://en.wikipedia.org/wiki/Misery_(novel),NA_not-pub-domain,,1987.0,1987-11-15,11.0,3016.0,MISERY,,,False,,,,,1987-01-01
416,Misery,Stephen King,1987,English,horror,1947,ALIVE,male,eng,US,"horror tales,science fiction,novels,horror fiction,fiction,fantasy fiction,television production and direction,television authorship,short stories,motion pictures production and direction,motion picture authorship,acting","novelists,television writers,television producers and directors,screenwriters,motion picture producers and directors,authors,actors",6670.0,482.0,454.0,385.0,260.0,4.21,"692,704","25,834",66,116,768970.0,97113511,https://www.goodreads.com/book/show/10614.Misery?ref=nav_sb_ss_1_6,https://en.wikipedia.org/wiki/Misery_(novel),NA_not-pub-domain,,1987.0,1987-11-22,13.0,3016.0,MISERY,,,False,,,,,1987-01-01
416,Misery,Stephen King,1987,English,horror,1947,ALIVE,male,eng,US,"horror tales,science fiction,novels,horror fiction,fiction,fantasy fiction,television production and direction,television authorship,short stories,motion pictures production and direction,motion picture authorship,acting","novelists,television writers,television producers and directors,screenwriters,motion picture producers and directors,authors,actors",6670.0,482.0,454.0,385.0,260.0,4.21,"692,704","25,834",66,116,768970.0,97113511,https://www.goodreads.com/book/show/10614.Misery?ref=nav_sb_ss_1_6,https://en.wikipedia.org/wiki/Misery_(novel),NA_not-pub-domain,,1987.0,1987-11-29,14.0,3016.0,MISERY,,,False,,,,,1987-01-01
416,Misery,Stephen King,1987,English,horror,1947,ALIVE,male,eng,US,"horror tales,science fiction,novels,horror fiction,fiction,fantasy fiction,television production and direction,television authorship,short stories,motion pictures production and direction,motion picture authorship,acting","novelists,television writers,television producers and directors,screenwriters,motion picture producers and directors,authors,actors",6670.0,482.0,454.0,385.0,260.0,4.21,"692,704","25,834",66,116,768970.0,97113511,https://www.goodreads.com/book/show/10614.Misery?ref=nav_sb_ss_1_6,https://en.wikipedia.org/wiki/Misery_(novel),NA_not-pub-domain,,1987.0,1987-12-13,15.0,3016.0,MISERY,,,False,,,,,1987-01-01
416,Misery,Stephen King,1987,English,horror,1947,ALIVE,male,eng,US,"horror tales,science fiction,novels,horror fiction,fiction,fantasy fiction,television production and direction,television authorship,short stories,motion pictures production and direction,motion picture authorship,acting","novelists,television writers,television producers and directors,screenwriters,motion picture producers and directors,authors,actors",6670.0,482.0,454.0,385.0,260.0,4.21,"692,704","25,834",66,116,768970.0,97113511,https://www.goodreads.com/book/show/10614.Misery?ref=nav_sb_ss_1_6,https://en.wikipedia.org/wiki/Misery_(novel),NA_not-pub-domain,,1987.0,1987-12-20,16.0,3016.0,MISERY,,,False,,,,,1987-01-01
416,Misery,Stephen King,1987,English,horror,1947,ALIVE,male,eng,US,"horror tales,science fiction,novels,horror fiction,fiction,fantasy fiction,television production and direction,television authorship,short stories,motion pictures production and direction,motion picture authorship,acting","novelists,television writers,television producers and directors,screenwriters,motion picture producers and directors,authors,actors",6670.0,482.0,454.0,385.0,260.0,4.21,"692,704","25,834",66,116,768970.0,97113511,https://www.goodreads.com/book/show/10614.Misery?ref=nav_sb_ss_1_6,https://en.wikipedia.org/wiki/Misery_(novel),NA_not-pub-domain,,1988.0,1988-01-03,14.0,3016.0,MISERY,,,False,,,,,1987-01-01
416,Misery,Stephen King,1987,English,horror,1947,ALIVE,male,eng,US,"horror tales,science fiction,novels,horror fiction,fiction,fantasy fiction,television production and direction,television authorship,short stories,motion pictures production and direction,motion picture authorship,acting","novelists,television writers,television producers and directors,screenwriters,motion picture producers and directors,authors,actors",6670.0,482.0,454.0,385.0,260.0,4.21,"692,704","25,834",66,116,768970.0,97113511,https://www.goodreads.com/book/show/10614.Misery?ref=nav_sb_ss_1_6,https://en.wikipedia.org/wiki/Misery_(novel),NA_not-pub-domain,,1988.0,1988-01-10,13.0,3016.0,MISERY,,,False,,,,,1987-01-01
417,The Cider House Rules,John Irving,1985,English,bildung,1942,ALIVE,male,eng,US,,"screenwriters,novelists",6185.0,184.0,238.0,441.0,375.0,4.16,"184,556","5,073",96,250,48530.0,108238891,https://www.goodreads.com/book/show/4687.The_Cider_House_Rules?ref=nav_sb_ss_1_21,https://en.wikipedia.org/wiki/The_Cider_House_Rules,NA_not-pub-domain,,,,,,,,,False,,,,,1985-01-01
418,King of the Wind,Marguerite Henry,1948,English,history,1902,1997,female,eng,US,childrens literature,author,6702.0,154.0,176.0,377.0,431.0,4.21,"26,436",920,67,446,102572752.0,91717300,https://www.goodreads.com/book/show/423156.King_of_the_Wind?ref=nav_sb_ss_2_16,https://en.wikipedia.org/wiki/King_of_the_Wind,NA_not-pub-domain,,,,,,,,,False,,,,,1948-01-01
419,The Once and Future King,T. H. White,1958,English,fantasy,1906,1964,male,eng,GB,,authors english,6651.0,273.0,259.0,388.0,356.0,4.07,"107,858","4,844",169,310,472694.0,19685792,https://www.goodreads.com/book/show/43545.The_Once_and_Future_King?ref=nav_sb_ss_1_24,https://en.wikipedia.org/wiki/The_Once_and_Future_King,NA_not-pub-domain,,,,,,,,,False,,,,,1958-01-01
420,The Witches,Roald Dahl,1983,English,na,1916,1990,male,eng,GB,,"screenwriter,poet,novelist",6854.0,329.0,315.0,364.0,328.0,4.18,"394,173","10,341",84,166,424701.0,108159131,https://www.goodreads.com/book/show/6327.The_Witches?ref=nav_sb_ss_3_11,https://en.wikipedia.org/wiki/The_Witches_(novel),NA_not-pub-domain,,,,,,,,,False,,,,,1983-01-01
421,The Subtle Knife,Philip Pullman,1997,English,fantasy,1946,ALIVE,male,eng,GB,,"authors,teachers,dramatists",6783.0,519.0,244.0,373.0,370.0,4.15,"433,615","12,772",107,157,2864073820.0,115199438,https://www.goodreads.com/book/show/41637836-the-subtle-knife?ref=nav_sb_ss_1_16,https://en.wikipedia.org/wiki/The_Subtle_Knife,NA_not-pub-domain,,,,,,,,,False,,,,,1997-01-01
422,When You Reach Me,Rebecca Stead,2009,English,na,1968,ALIVE,female,eng,US,childrens literature,authors,6991.0,526.0,93.0,349.0,483.0,4.08,"110,019","13,506",161,304,140545914.0,63444657,https://www.goodreads.com/book/show/5310515-when-you-reach-me?ref=nav_sb_ss_1_17,https://en.wikipedia.org/wiki/When_You_Reach_Me,NA_not-pub-domain,,,,,,,,,False,,,,,2009-01-01
423,Carrie,Stephen King,1974,English,horror,1947,ALIVE,male,eng,US,"horror tales,science fiction,novels,horror fiction,fiction,fantasy fiction,television production and direction,television authorship,short stories,motion pictures production and direction,motion picture authorship,acting","novelists,television writers,television producers and directors,screenwriters,motion picture producers and directors,authors,actors",6527.0,594.0,443.0,404.0,262.0,3.98,"716,051","24,629",253,113,47875.0,97113511,https://www.goodreads.com/book/show/10592.Carrie?ref=nav_sb_ss_2_6,https://en.wikipedia.org/wiki/Carrie_(novel),NA_not-pub-domain,,,,,,,,,False,,,,,1974-01-01
424,The Moon and Sixpence,W. Somerset Maugham,1919,English,na,1874,1965,male,eng,GB,,"spy,playwright,novelist,intelligence agent",6463.0,2958.0,735.0,411.0,188.0,4.13,"24,133","1,746",121,454,31221.0,66470937,https://www.goodreads.com/book/show/44796.The_Moon_and_Sixpence?ref=nav_sb_ss_1_21,https://en.wikipedia.org/wiki/The_Moon_and_Sixpence,https://www.gutenberg.org/cache/epub/222/pg222.txt,,,,,,,433664.0,77956.0,True,1213.0,503.0,287.0,222,1919-01-01
425,The Higher Power of Lucky,Susan Patron,2006,English,na,1948,ALIVE,female,eng,US,,,6771.0,88.0,49.0,374.0,492.0,3.58,"13,401","1,631",479,476,2689651.0,38901629,https://www.goodreads.com/book/show/62151.The_Higher_Power_of_Lucky?ref=nav_sb_ss_1_25,https://en.wikipedia.org/wiki/The_Higher_Power_of_Lucky,NA_not-pub-domain,,,,,,,,,False,,,,,2006-01-01
426,"Looking Backward, 2000-1887",Edward Bellamy,1888,English,na,1850,1898,male,eng,US,,authors,6891.0,2347.0,623.0,358.0,213.0,3.29,"6,214",809,500,491,395301.0,69017465,https://www.goodreads.com/book/show/296977.Looking_Backward?ref=nav_sb_ss_1_27,https://en.wikipedia.org/wiki/Looking_Backward,https://www.gutenberg.org/cache/epub/624/pg624.txt,,,,,,,466961.0,80897.0,True,273.0,129.0,268.0,624,1888-01-01
427,The Wings of the Dove,Henry James,1902,English,romance,1843,1916,male,eng,US,,"authors,writers",7460.0,2607.0,484.0,302.0,249.0,3.79,"17,030",750,406,466,3374355566.0,36920030,https://www.goodreads.com/book/show/124272.The_Wings_of_the_Dove?ref=nav_sb_ss_1_21,https://en.wikipedia.org/wiki/The_Wings_of_the_Dove,https://www.gutenberg.org/cache/epub/29452/pg29452.txt ; https://www.gutenberg.org/cache/epub/30059/pg30059.txt,,,,,,,,,False,,,,29452,1902-01-01
428,The Summer of the Swans,Betsy Cromer Byars,1970,English,na,1928,2020,female,eng,US,childrens litearture,authors,6057.0,209.0,101.0,452.0,478.0,3.59,"10,641",687,475,483,56865.0,112446154,https://www.goodreads.com/book/show/325636.The_Summer_of_the_Swans?ref=nav_sb_ss_1_23,https://en.wikipedia.org/wiki/Summer_of_the_Swans,NA_not-pub-domain,,,,,,,,,False,,,,,1970-01-01
429,Dangerous Liaisons,Choderlos de Laclos,1782,French,na,1741,1803,male,fre,FR,,,1777.0,205.0,402.0,493.0,278.0,4.06,"53,068","2,387",176,389,2286719432.0,46758913,https://www.goodreads.com/book/show/326768.Dangerous_Liaisons?ref=nav_sb_ss_1_18,https://en.wikipedia.org/wiki/Les_Liaisons_dangereuses,https://gutenberg.org/cache/epub/45512/pg45512.txt,https://www.gutenberg.org/cache/epub/52006/pg52006.txt,,,,,,806194.0,144259.0,True,680.0,889.0,310.0,45512,1782-01-01
430,Jurassic Park,Michael Crichton,1990,English,scifi,1942,2008,male,eng,US,,"physicians,novelists,authors,television producer,film producer,film director",6405.0,333.0,276.0,416.0,347.0,4.1,"954,137","19,702",141,84,156434679.0,89578936,https://www.goodreads.com/book/show/40604658-jurassic-park?ref=nav_sb_ss_1_13,https://en.wikipedia.org/wiki/Jurassic_Park_(novel),NA_not-pub-domain,,,,,,,,,False,,,,,1990-01-01
431,The Absolutely True Diary of a Part-time Indian,Sherman Alexie,2007,English,na,1966,ALIVE,male,eng,US,"short stories,poetry,novels,native american literature,motion pictures production and direction,fiction","poets,novelists,authors,writers,motion picture directors",7021.0,489.0,159.0,346.0,448.0,4.07,"269,101","27,450",170,212,104650575.0,46892548,https://www.goodreads.com/book/show/693208.The_Absolutely_True_Diary_of_a_Part_Time_Indian?ref=nav_sb_ss_1_47,https://en.wikipedia.org/wiki/The_Absolutely_True_Diary_of_a_Part-Time_Indian,NA_not-pub-domain,,,,,,,,,False,,,,,2007-01-01
432,The Grey King,Susan Cooper,1975,English,fantasy,1935,ALIVE,female,eng,US,writing,"screenwriter,journalist,author",6272.0,168.0,124.0,433.0,467.0,4.16,"38,794","1,112",97,413,2176221.0,49344224,https://www.goodreads.com/book/show/222576.The_Grey_King?ref=nav_sb_ss_1_13,https://en.wikipedia.org/wiki/The_Grey_King,NA_not-pub-domain,,,,,,,,,False,,,,,1975-01-01
433,The Leopard,Giuseppe Tomasi di Lampedusa,1958,Italian,history,1896,1957,male,ita,IT,,novelists,6810.0,230.0,1001.0,371.0,153.0,4.01,"36,856","2,955",222,420,3768379146.0,88710059,https://www.goodreads.com/book/show/625094.The_Leopard?ref=nav_sb_ss_1_11,https://en.wikipedia.org/wiki/The_Leopard,NA_not-pub-domain,unavailable,,,,,,,,False,,,,,1958-01-01
434,The Mammoth Hunters,Jean M. Auel,1985,English,history,1936,ALIVE,female,eng,US,,novelists,6098.0,350.0,206.0,448.0,399.0,3.94,"72,281","1,975",296,359,4474727104.0,79487364,https://www.goodreads.com/book/show/49824.The_Mammoth_Hunters?ref=nav_sb_ss_1_19,https://en.wikipedia.org/wiki/The_Mammoth_Hunters,NA_not-pub-domain,,,,,,,,,False,,,,,1985-01-01
435,The Trumpet of the Swan,E.B. White,1970,English,fantasy,1899,1985,male,eng,US,childrens literature,author,6664.0,135.0,141.0,386.0,461.0,4.1,"77,490","3,061",142,351,9415793969.0,66475004,https://www.goodreads.com/book/show/24335.The_Trumpet_of_the_Swan?ref=nav_sb_ss_1_23,https://en.wikipedia.org/wiki/The_Trumpet_of_the_Swan,NA_not-pub-domain,,,,,,,,,False,,,,,1970-01-01
436,The Lucky One,Nicholas Sparks,2008,English,romance,1965,ALIVE,male,eng,US,"motion pictures production and direction,motion picture authorship,generosity,fiction","screenwriters,philanthropists,motion picture producers and directors,authors",6574.0,558.0,187.0,398.0,417.0,4.12,"360,982","10,907",127,173,139743632.0,117604749,https://www.goodreads.com/book/show/3063499-the-lucky-one?ref=nav_sb_ss_1_13,https://en.wikipedia.org/wiki/The_Lucky_One_(novel),NA_not-pub-domain,,,,,,,,,False,,,,,2008-01-01
437,These Happy Golden Years,Laura Ingalls Wilder,1943,English,history,1867,1957,female,eng,US,,women authors,6691.0,224.0,175.0,381.0,434.0,4.21,"74,547","1,843",68,355,403440.0,34464422,https://www.goodreads.com/book/show/77770.These_Happy_Golden_Years?ref=nav_sb_ss_1_24,https://en.wikipedia.org/wiki/These_Happy_Golden_Years,NA_not-pub-domain,,,,,,,,,False,,,,,1943-01-01
438,Arrowsmith,Sinclair Lewis,1925,English,na,1885,1951,male,eng,US,,"novelists,nobel prize winners,dramatists",6691.0,492.0,461.0,382.0,258.0,3.83,"7,961",585,381,489,886732.0,39380311,https://www.goodreads.com/book/show/11389.Arrowsmith?ref=nav_sb_ss_1_10,https://en.wikipedia.org/wiki/Arrowsmith_(novel),https://www.gutenberg.org/cache/epub/70875/pg70875.txt,,,,,,,982829.0,166117.0,True,2865.0,572.0,745.0,70875,1925-01-01
439,Julie of the Wolves,Jean Craighead George,1972,English,action,1919,2012,female,eng,US,childrens literature,author,6693.0,402.0,148.0,380.0,457.0,3.83,"59,554","2,079",382,377,4915089553.0,44418732,https://www.goodreads.com/book/show/386286.Julie_of_the_Wolves?ref=nav_sb_ss_1_19,https://en.wikipedia.org/wiki/Julie_of_the_Wolves,NA_not-pub-domain,,,,,,,,,False,,,,,1972-01-01
440,The Screwtape Letters,C.S. Lewis,1942,English,na,1898,1963,male,eng,GB,"science fiction,novels,fiction,childrens literature","scholars,broadcasters,authors",6395.0,265.0,180.0,417.0,424.0,4.26,"443,871","16,224",49,154,2999319112.0,22144877,https://www.goodreads.com/book/show/8130077-the-screwtape-letters?ref=nav_sb_ss_1_21,https://en.wikipedia.org/wiki/The_Screwtape_Letters,NA_not-pub-domain,,,,,,,,,False,,,,,1942-01-01
441,The Fall,Albert Camus,1956,English,na,1913,1960,male,fre,FR,existentialism,"philosophers,journalists,authors",16742.0,626.0,1898.0,61.0,62.0,4.04,"105,008","6,121",192,314,2517178012.0,97000332,https://www.goodreads.com/book/show/11991.The_Fall?ref=nav_sb_ss_4_8,https://en.wikipedia.org/wiki/The_Fall_(Camus_novel),NA_not-pub-domain,,,,,,,,,False,,,,,1956-01-01
442,The No. 1 Ladies' Detective Agency,Alexander McCall Smith,1998,English,mystery,1948,ALIVE,male,eng,GB,"medical laws and legislation study and teaching higher,fiction,motion picture authorship","college teachers,authors,screenwriters",6260.0,471.0,178.0,435.0,430.0,3.81,"264,434","13,193",389,216,427844.0,86227797,https://www.goodreads.com/book/show/7061.The_No_1_Ladies_Detective_Agency?ref=nav_sb_ss_1_34,https://en.wikipedia.org/wiki/The_No._1_Ladies%27_Detective_Agency_(novel),NA_not-pub-domain,,,,,,,,,False,,,,,1998-01-01
443,Worst Case,James Patterson,2010,English,thrillers,1947,ALIVE,male,eng,US,"suspense fiction american,advertising","novelists,advertising executives,authors",4504.0,302.0,79.0,486.0,487.0,4.08,"30,053","1,597",162,438,484043622.0,22272314,https://www.goodreads.com/book/show/6455256-worst-case?ref=nav_sb_ss_1_10,https://en.wikipedia.org/wiki/Worst_Case,NA_not-pub-domain,,,,,,,,,False,,,,,2010-01-01
444,Lost Horizon,James Hilton,1933,English,fantasy,1900,1954,male,eng,GB,,"scriptwriter,novelist",6348.0,401.0,411.0,423.0,275.0,3.95,"22,463","2,062",280,459,435446.0,36944583,https://www.goodreads.com/book/show/39092290-lost-horizon?ref=nav_sb_ss_1_12,https://en.wikipedia.org/wiki/Lost_Horizon,NA_not-pub-domain,,,,,,,,,False,,,,,1933-01-01
445,The Gunslinger,Stephen King,1982,English,fantasy,1947,ALIVE,male,eng,US,"horror tales,science fiction,novels,horror fiction,fiction,fantasy fiction,television production and direction,television authorship,short stories,motion pictures production and direction,motion picture authorship,acting","novelists,television writers,television producers and directors,screenwriters,motion picture producers and directors,authors,actors",6297.0,542.0,218.0,428.0,386.0,3.92,"607,928","24,687",307,128,659528.0,97113511,https://www.goodreads.com/book/show/43615.The_Gunslinger?ref=nav_sb_ss_1_14,https://en.wikipedia.org/wiki/The_Dark_Tower:_The_Gunslinger,NA_not-pub-domain,,,,,,,,,False,,,,,1982-01-01
446,The Slave Dancer,Paula Fox,1973,English,history,1923,2017,female,eng,US,fiction,"authors,novelists",6273.0,251.0,139.0,432.0,464.0,3.7,"10,352",600,441,484,196071133.0,31996420,https://www.goodreads.com/book/show/172111.The_Slave_Dancer?ref=nav_sb_ss_1_16,https://en.wikipedia.org/wiki/The_Slave_Dancer,NA_not-pub-domain,,,,,,,,,False,,,,,1973-01-01
447,Harry Potter and the Half-Blood Prince,J.K. Rowling,2005,English,fantasy,1965,ALIVE,female,eng,GB,"young adult fiction,young adult fantasy,fantasy fiction,fantasy,novels","novelists,authors,writers",6431.0,484.0,62.0,413.0,489.0,4.58,"3,253,828","57,233",3,18,5453582619.0,116796842,https://www.goodreads.com/book/show/1.Harry_Potter_and_the_Half_Blood_Prince?ref=nav_sb_ss_1_38,https://en.wikipedia.org/wiki/Harry_Potter_and_the_Half-Blood_Prince,NA_not-pub-domain,,,,,,,,,False,,,,,2005-01-01
448,Inkheart,Cornelia Funke,2003,German,fantasy,1958,ALIVE,female,ger,DE,childrens literature,authors,6301.0,299.0,241.0,427.0,372.0,3.92,"422,581","14,321",308,161,1153077013.0,102395980,https://www.goodreads.com/book/show/28194.Inkheart?ref=nav_sb_ss_1_8,https://en.wikipedia.org/wiki/Inkheart,NA_not-pub-domain,unavailable,,,,,,,,False,,,,,2003-01-01
449,Ramona and her Father,Beverly Cleary,1977,English,na,1916,2021,female,eng,US,"young adult literature,childrens literature",authors,6608.0,305.0,134.0,393.0,466.0,4.05,"30,534",983,186,433,436012.0,68927197,https://www.goodreads.com/book/show/91247.Ramona_and_Her_Father?ref=nav_sb_ss_1_21,https://en.wikipedia.org/wiki/Ramona_and_Her_Father,NA_not-pub-domain,,,,,,,,,False,,,,,1977-01-01
450,Inkspell,Cornelia Funke,2005,German,fantasy,1958,ALIVE,female,ger,DE,childrens literature,authors,6516.0,162.0,150.0,405.0,456.0,3.94,"126,826","4,715",297,291,3855297646.0,102395980,https://www.goodreads.com/book/show/28195.Inkspell?ref=nav_sb_ss_1_8,https://en.wikipedia.org/wiki/Inkspell,NA_not-pub-domain,unavailable,,,,,,,,False,,,,,2005-01-01
451,Ramona the Pest,Beverly Cleary,1968,English,na,1916,2021,female,eng,US,"young adult literature,childrens literature",authors,6548.0,340.0,150.0,401.0,455.0,4.08,"65,977","1,828",163,366,274702.0,68927197,https://www.goodreads.com/book/show/78039.Ramona_the_Pest?ref=nav_sb_ss_1_15,https://en.wikipedia.org/wiki/Ramona_the_Pest,NA_not-pub-domain,,,,,,,,,False,,,,,1968-01-01
452,Walk Two Moons,Sharon Creech,1994,English,bildung,1969,ALIVE,female,eng,US,,,6830.0,269.0,171.0,367.0,438.0,3.99,"167,240","8,056",243,263,577253.0,22297876,https://www.goodreads.com/book/show/53496.Walk_Two_Moons?ref=nav_sb_ss_1_14,https://en.wikipedia.org/wiki/Walk_Two_Moons,NA_not-pub-domain,,,,,,,,,False,,,,,1994-01-01
453,Miss Peregrine's Home for Peculiar Children,Ransom Riggs,2011,English,na,1979,ALIVE,male,eng,US,,"photographers,motion picture producers and directors,journalists,authors",4902.0,710.0,78.0,481.0,488.0,3.92,"1,256,626","66,624",309,69,12094549636.0,73303041,https://www.goodreads.com/book/show/9460487-miss-peregrine-s-home-for-peculiar-children?ref=nav_sb_ss_1_43,https://en.wikipedia.org/wiki/Miss_Peregrine%27s_Home_for_Peculiar_Children,NA_not-pub-domain,,,,,,,,,False,,,,,2011-01-01
454,The Chocolate War,Robert Cormier,1974,English,bildung,1925,2000,male,eng,US,,,6321.0,352.0,193.0,426.0,412.0,3.49,"44,750","3,470",487,400,321920.0,76313814,https://www.goodreads.com/book/show/17162.The_Chocolate_War?ref=nav_sb_ss_1_17,https://en.wikipedia.org/wiki/The_Chocolate_War,NA_not-pub-domain,,,,,,,,,False,,,,,1974-01-01
455,Sophie's Choice,William Styron,1979,English,bildung,1925,2006,male,eng,US,,,6236.0,554.0,287.0,437.0,341.0,4.17,"90,844","3,038",88,335,3372136476.0,71398096,https://www.goodreads.com/book/show/228560.Sophie_s_Choice?ref=nav_sb_ss_1_15,https://en.wikipedia.org/wiki/Sophie%27s_Choice_(novel),NA_not-pub-domain,,,,,,,,,False,,,,,1979-01-01
456,Looking for Alaska,John Green,2005,English,bildung,1977,ALIVE,male,eng,US,"novels,fiction authorship,childrens literature authorship,book reviewing","periodical editors,novelists,authors",6879.0,673.0,258.0,361.0,359.0,3.97,"1,590,084","75,075",261,53,4497943122.0,41229323,https://www.goodreads.com/book/show/99561.Looking_for_Alaska?ref=nav_sb_ss_1_18,https://en.wikipedia.org/wiki/Looking_for_Alaska,NA_not-pub-domain,,,,,,,,,False,,,,,2005-01-01
457,Breakfast at Tiffany's,Truman Capote,1958,English,na,1924,1984,male,eng,US,,"screenwriters,dramatists,authors",6364.0,398.0,582.0,419.0,221.0,3.85,"263,596","15,506",366,217,20890259.0,51686739,https://www.goodreads.com/book/show/251688.Breakfast_at_Tiffany_s_and_Three_Stories?ref=nav_sb_ss_1_22,https://en.wikipedia.org/wiki/Breakfast_at_Tiffany%27s_(novella),NA_not-pub-domain,,,,,,,,,False,,,,,1958-01-01
458,The Razor's Edge,W. Somerset Maugham,1944,English,bildung,1874,1965,male,eng,GB,,"spy,playwright,novelist,intelligence agent",6206.0,182.0,437.0,440.0,265.0,4.19,"48,106","4,162",80,396,4624.0,66470937,https://www.goodreads.com/book/show/31196.The_Razor_s_Edge?ref=nav_sb_ss_1_16,https://en.wikipedia.org/wiki/The_Razor%27s_Edge,NA_not-pub-domain,,,,,,,,,False,,,,,1944-01-01
459,Dreamcatcher,Stephen King,2001,English,horror,1947,ALIVE,male,eng,US,"horror tales,science fiction,novels,horror fiction,fiction,fantasy fiction,television production and direction,television authorship,short stories,motion pictures production and direction,motion picture authorship,acting","novelists,television writers,television producers and directors,screenwriters,motion picture producers and directors,authors,actors",5150.0,133.0,157.0,476.0,450.0,3.65,"174,932","3,525",463,258,419063.0,97113511,https://www.goodreads.com/book/show/11570.Dreamcatcher?ref=nav_sb_ss_1_12,https://en.wikipedia.org/wiki/Dreamcatcher_(novel),NA_not-pub-domain,,2001.0,2001-04-08,1.0,1543.0,DREAMCATCHER,,,False,,,,,2001-01-01
459,Dreamcatcher,Stephen King,2001,English,horror,1947,ALIVE,male,eng,US,"horror tales,science fiction,novels,horror fiction,fiction,fantasy fiction,television production and direction,television authorship,short stories,motion pictures production and direction,motion picture authorship,acting","novelists,television writers,television producers and directors,screenwriters,motion picture producers and directors,authors,actors",5150.0,133.0,157.0,476.0,450.0,3.65,"174,932","3,525",463,258,419063.0,97113511,https://www.goodreads.com/book/show/11570.Dreamcatcher?ref=nav_sb_ss_1_12,https://en.wikipedia.org/wiki/Dreamcatcher_(novel),NA_not-pub-domain,,2001.0,2001-04-15,1.0,1543.0,DREAMCATCHER,,,False,,,,,2001-01-01
459,Dreamcatcher,Stephen King,2001,English,horror,1947,ALIVE,male,eng,US,"horror tales,science fiction,novels,horror fiction,fiction,fantasy fiction,television production and direction,television authorship,short stories,motion pictures production and direction,motion picture authorship,acting","novelists,television writers,television producers and directors,screenwriters,motion picture producers and directors,authors,actors",5150.0,133.0,157.0,476.0,450.0,3.65,"174,932","3,525",463,258,419063.0,97113511,https://www.goodreads.com/book/show/11570.Dreamcatcher?ref=nav_sb_ss_1_12,https://en.wikipedia.org/wiki/Dreamcatcher_(novel),NA_not-pub-domain,,2001.0,2001-04-22,1.0,1543.0,DREAMCATCHER,,,False,,,,,2001-01-01
459,Dreamcatcher,Stephen King,2001,English,horror,1947,ALIVE,male,eng,US,"horror tales,science fiction,novels,horror fiction,fiction,fantasy fiction,television production and direction,television authorship,short stories,motion pictures production and direction,motion picture authorship,acting","novelists,television writers,television producers and directors,screenwriters,motion picture producers and directors,authors,actors",5150.0,133.0,157.0,476.0,450.0,3.65,"174,932","3,525",463,258,419063.0,97113511,https://www.goodreads.com/book/show/11570.Dreamcatcher?ref=nav_sb_ss_1_12,https://en.wikipedia.org/wiki/Dreamcatcher_(novel),NA_not-pub-domain,,2001.0,2001-04-29,2.0,1543.0,DREAMCATCHER,,,False,,,,,2001-01-01
459,Dreamcatcher,Stephen King,2001,English,horror,1947,ALIVE,male,eng,US,"horror tales,science fiction,novels,horror fiction,fiction,fantasy fiction,television production and direction,television authorship,short stories,motion pictures production and direction,motion picture authorship,acting","novelists,television writers,television producers and directors,screenwriters,motion picture producers and directors,authors,actors",5150.0,133.0,157.0,476.0,450.0,3.65,"174,932","3,525",463,258,419063.0,97113511,https://www.goodreads.com/book/show/11570.Dreamcatcher?ref=nav_sb_ss_1_12,https://en.wikipedia.org/wiki/Dreamcatcher_(novel),NA_not-pub-domain,,2001.0,2001-05-06,4.0,1543.0,DREAMCATCHER,,,False,,,,,2001-01-01
459,Dreamcatcher,Stephen King,2001,English,horror,1947,ALIVE,male,eng,US,"horror tales,science fiction,novels,horror fiction,fiction,fantasy fiction,television production and direction,television authorship,short stories,motion pictures production and direction,motion picture authorship,acting","novelists,television writers,television producers and directors,screenwriters,motion picture producers and directors,authors,actors",5150.0,133.0,157.0,476.0,450.0,3.65,"174,932","3,525",463,258,419063.0,97113511,https://www.goodreads.com/book/show/11570.Dreamcatcher?ref=nav_sb_ss_1_12,https://en.wikipedia.org/wiki/Dreamcatcher_(novel),NA_not-pub-domain,,2001.0,2001-05-13,4.0,1543.0,DREAMCATCHER,,,False,,,,,2001-01-01
459,Dreamcatcher,Stephen King,2001,English,horror,1947,ALIVE,male,eng,US,"horror tales,science fiction,novels,horror fiction,fiction,fantasy fiction,television production and direction,television authorship,short stories,motion pictures production and direction,motion picture authorship,acting","novelists,television writers,television producers and directors,screenwriters,motion picture producers and directors,authors,actors",5150.0,133.0,157.0,476.0,450.0,3.65,"174,932","3,525",463,258,419063.0,97113511,https://www.goodreads.com/book/show/11570.Dreamcatcher?ref=nav_sb_ss_1_12,https://en.wikipedia.org/wiki/Dreamcatcher_(novel),NA_not-pub-domain,,2001.0,2001-05-20,4.0,1543.0,DREAMCATCHER,,,False,,,,,2001-01-01
459,Dreamcatcher,Stephen King,2001,English,horror,1947,ALIVE,male,eng,US,"horror tales,science fiction,novels,horror fiction,fiction,fantasy fiction,television production and direction,television authorship,short stories,motion pictures production and direction,motion picture authorship,acting","novelists,television writers,television producers and directors,screenwriters,motion picture producers and directors,authors,actors",5150.0,133.0,157.0,476.0,450.0,3.65,"174,932","3,525",463,258,419063.0,97113511,https://www.goodreads.com/book/show/11570.Dreamcatcher?ref=nav_sb_ss_1_12,https://en.wikipedia.org/wiki/Dreamcatcher_(novel),NA_not-pub-domain,,2001.0,2001-05-27,5.0,1543.0,DREAMCATCHER,,,False,,,,,2001-01-01
459,Dreamcatcher,Stephen King,2001,English,horror,1947,ALIVE,male,eng,US,"horror tales,science fiction,novels,horror fiction,fiction,fantasy fiction,television production and direction,television authorship,short stories,motion pictures production and direction,motion picture authorship,acting","novelists,television writers,television producers and directors,screenwriters,motion picture producers and directors,authors,actors",5150.0,133.0,157.0,476.0,450.0,3.65,"174,932","3,525",463,258,419063.0,97113511,https://www.goodreads.com/book/show/11570.Dreamcatcher?ref=nav_sb_ss_1_12,https://en.wikipedia.org/wiki/Dreamcatcher_(novel),NA_not-pub-domain,,2001.0,2001-06-03,3.0,1543.0,DREAMCATCHER,,,False,,,,,2001-01-01
459,Dreamcatcher,Stephen King,2001,English,horror,1947,ALIVE,male,eng,US,"horror tales,science fiction,novels,horror fiction,fiction,fantasy fiction,television production and direction,television authorship,short stories,motion pictures production and direction,motion picture authorship,acting","novelists,television writers,television producers and directors,screenwriters,motion picture producers and directors,authors,actors",5150.0,133.0,157.0,476.0,450.0,3.65,"174,932","3,525",463,258,419063.0,97113511,https://www.goodreads.com/book/show/11570.Dreamcatcher?ref=nav_sb_ss_1_12,https://en.wikipedia.org/wiki/Dreamcatcher_(novel),NA_not-pub-domain,,2001.0,2001-06-10,4.0,1543.0,DREAMCATCHER,,,False,,,,,2001-01-01
459,Dreamcatcher,Stephen King,2001,English,horror,1947,ALIVE,male,eng,US,"horror tales,science fiction,novels,horror fiction,fiction,fantasy fiction,television production and direction,television authorship,short stories,motion pictures production and direction,motion picture authorship,acting","novelists,television writers,television producers and directors,screenwriters,motion picture producers and directors,authors,actors",5150.0,133.0,157.0,476.0,450.0,3.65,"174,932","3,525",463,258,419063.0,97113511,https://www.goodreads.com/book/show/11570.Dreamcatcher?ref=nav_sb_ss_1_12,https://en.wikipedia.org/wiki/Dreamcatcher_(novel),NA_not-pub-domain,,2001.0,2001-06-17,6.0,1543.0,DREAMCATCHER,,,False,,,,,2001-01-01
459,Dreamcatcher,Stephen King,2001,English,horror,1947,ALIVE,male,eng,US,"horror tales,science fiction,novels,horror fiction,fiction,fantasy fiction,television production and direction,television authorship,short stories,motion pictures production and direction,motion picture authorship,acting","novelists,television writers,television producers and directors,screenwriters,motion picture producers and directors,authors,actors",5150.0,133.0,157.0,476.0,450.0,3.65,"174,932","3,525",463,258,419063.0,97113511,https://www.goodreads.com/book/show/11570.Dreamcatcher?ref=nav_sb_ss_1_12,https://en.wikipedia.org/wiki/Dreamcatcher_(novel),NA_not-pub-domain,,2001.0,2001-06-24,7.0,1543.0,DREAMCATCHER,,,False,,,,,2001-01-01
459,Dreamcatcher,Stephen King,2001,English,horror,1947,ALIVE,male,eng,US,"horror tales,science fiction,novels,horror fiction,fiction,fantasy fiction,television production and direction,television authorship,short stories,motion pictures production and direction,motion picture authorship,acting","novelists,television writers,television producers and directors,screenwriters,motion picture producers and directors,authors,actors",5150.0,133.0,157.0,476.0,450.0,3.65,"174,932","3,525",463,258,419063.0,97113511,https://www.goodreads.com/book/show/11570.Dreamcatcher?ref=nav_sb_ss_1_12,https://en.wikipedia.org/wiki/Dreamcatcher_(novel),NA_not-pub-domain,,2001.0,2001-07-01,6.0,1543.0,DREAMCATCHER,,,False,,,,,2001-01-01
459,Dreamcatcher,Stephen King,2001,English,horror,1947,ALIVE,male,eng,US,"horror tales,science fiction,novels,horror fiction,fiction,fantasy fiction,television production and direction,television authorship,short stories,motion pictures production and direction,motion picture authorship,acting","novelists,television writers,television producers and directors,screenwriters,motion picture producers and directors,authors,actors",5150.0,133.0,157.0,476.0,450.0,3.65,"174,932","3,525",463,258,419063.0,97113511,https://www.goodreads.com/book/show/11570.Dreamcatcher?ref=nav_sb_ss_1_12,https://en.wikipedia.org/wiki/Dreamcatcher_(novel),NA_not-pub-domain,,2001.0,2001-07-08,15.0,1543.0,DREAMCATCHER,,,False,,,,,2001-01-01
459,Dreamcatcher,Stephen King,2001,English,horror,1947,ALIVE,male,eng,US,"horror tales,science fiction,novels,horror fiction,fiction,fantasy fiction,television production and direction,television authorship,short stories,motion pictures production and direction,motion picture authorship,acting","novelists,television writers,television producers and directors,screenwriters,motion picture producers and directors,authors,actors",5150.0,133.0,157.0,476.0,450.0,3.65,"174,932","3,525",463,258,419063.0,97113511,https://www.goodreads.com/book/show/11570.Dreamcatcher?ref=nav_sb_ss_1_12,https://en.wikipedia.org/wiki/Dreamcatcher_(novel),NA_not-pub-domain,,2001.0,2001-07-15,15.0,1543.0,DREAMCATCHER,,,False,,,,,2001-01-01
460,Orlando,Virginia Woolf,1928,English,history,1882,1941,female,eng,GB,"intellectuals,feminists,bloomsbury group","publishers and publishing,authors",7810.0,714.0,915.0,280.0,160.0,3.87,"92,080","7,811",349,333,570979.0,39385478,https://www.goodreads.com/book/show/18839.Orlando?ref=nav_sb_ss_1_7,https://en.wikipedia.org/wiki/Orlando:_A_Biography,unavailable,,,,,,,,,False,,,,,1928-01-01
461,The Things they Carried,Tim O'Brien,1990,English,na,1946,ALIVE,male,eng,US,"fiction,creative writing higher education","novelists,college teachers,authors",6916.0,578.0,165.0,357.0,441.0,4.14,"311,760","18,678",114,191,10716664.0,85364833,https://www.goodreads.com/book/show/133518.The_Things_They_Carried?ref=nav_sb_ss_3_10,https://en.wikipedia.org/wiki/The_Things_They_Carried,NA_not-pub-domain,,,,,,,,,False,,,,,1990-01-01
462,Little Town on the Prairie,Laura Ingalls Wilder,1941,English,history,1867,1957,female,eng,US,,women authors,6977.0,164.0,172.0,352.0,437.0,4.19,"89,010","1,677",81,337,403437.0,34464422,https://www.goodreads.com/book/show/11991.The_Fall?ref=nav_sb_ss_4_8,https://en.wikipedia.org/wiki/Little_Town_on_the_Prairie,NA_not-pub-domain,,,,,,,,,False,,,,,1941-01-01
463,Nights in Rodanthe,Nicholas Sparks,2002,English,romance,1965,ALIVE,male,eng,US,"motion pictures production and direction,motion picture authorship,generosity,fiction","screenwriters,philanthropists,motion picture producers and directors,authors",5908.0,386.0,164.0,460.0,444.0,3.85,"172,005","5,220",367,261,687695.0,117604749,https://www.goodreads.com/book/show/15926.Nights_in_Rodanthe?ref=nav_sb_ss_1_18,https://en.wikipedia.org/wiki/Nights_in_Rodanthe_(novel),NA_not-pub-domain,,,,,,,,,False,,,,,2002-01-01
464,The Amber Spyglass,Philip Pullman,2000,English,fantasy,1946,ALIVE,male,eng,GB,,"authors,teachers,dramatists",6597.0,504.0,256.0,394.0,362.0,4.1,"358,718","13,370",143,174,298917.0,115199438,https://www.goodreads.com/book/show/18122.The_Amber_Spyglass?ref=nav_sb_ss_1_18,https://en.wikipedia.org/wiki/The_Amber_Spyglass,NA_not-pub-domain,,,,,,,,,False,,,,,2000-01-01
465,The Miraculous Journey of Edward Tulane,Kate DiCamillo,2006,English,na,1964,ALIVE,female,eng,US,,authors,6951.0,446.0,102.0,354.0,477.0,4.38,"108,569","12,750",19,308,16921264.0,82181498,https://www.goodreads.com/book/show/37186.The_Miraculous_Journey_of_Edward_Tulane?ref=nav_sb_ss_1_39,https://en.wikipedia.org/wiki/The_Miraculous_Journey_of_Edward_Tulane,NA_not-pub-domain,,,,,,,,,False,,,,,2006-01-01
466,Flatland,Edwin A. Abbott,1884,English,na,1838,1926,male,eng,GB,"theology,science fiction,grammar comparative and general,english language grammar","theologians,school principals,clergy,authors",6278.0,5208.0,541.0,430.0,232.0,3.81,"69,755","5,633",390,363,458486.0,2505657,https://www.goodreads.com/book/show/433567.Flatland?ref=nav_sb_ss_1_8,https://en.wikipedia.org/wiki/Flatland,https://www.gutenberg.org/cache/epub/201/pg201.txt,,,,,,,227349.0,37711.0,True,140.0,11.0,92.0,201,1884-01-01
467,Diary of a Wimpy Kid,Jeff Kinney,2007,English,na,1971,ALIVE,male,eng,US,"computer games design,childrens literature,caricatures and cartoons","designers,cartoonists,authors",9080.0,794.0,114.0,217.0,469.0,3.98,"690,759","21,651",254,117,2973721859.0,30742915,https://www.goodreads.com/book/show/389627.Diary_of_a_Wimpy_Kid?ref=nav_sb_ss_1_20,https://en.wikipedia.org/wiki/Diary_of_a_Wimpy_Kid_(book),NA_not-pub-domain,,,,,,,,,False,,,,,2007-01-01
468,The Memory Keeper's Daughter,Kim Edwards,2005,English,na,1958,,female,eng,US,"short stories,fiction",authors,5469.0,274.0,151.0,471.0,454.0,3.7,"599,472","20,623",442,130,17732.0,57781322,https://www.goodreads.com/book/show/10441.The_Memory_Keeper_s_Daughter?ref=nav_sb_ss_1_28,https://en.wikipedia.org/wiki/The_Memory_Keeper%27s_Daughter,NA_not-pub-domain,,,,,,,,,False,,,,,2005-01-01
469,The Wedding,Nicholas Sparks,2003,English,romance,1965,ALIVE,male,eng,US,"motion pictures production and direction,motion picture authorship,generosity,fiction","screenwriters,philanthropists,motion picture producers and directors,authors",6267.0,446.0,156.0,434.0,451.0,3.99,"160,265","7,072",244,266,701501.0,117604749,https://www.goodreads.com/book/show/3466.The_Wedding?ref=nav_sb_ss_2_11,https://en.wikipedia.org/wiki/The_Wedding_(Sparks_novel),NA_not-pub-domain,,,,,,,,,False,,,,,2003-01-01
470,Fried Green Tomatoes at the Whistle-Stop Cafe,Fannie Flagg,1987,English,na,1944,ALIVE,female,eng,US,"motion picture authorship,humorous stories,acting","screenwriters,novelists,actors",6214.0,349.0,188.0,439.0,415.0,4.28,"305,592","9,852",41,192,3901922742.0,79412195,https://www.goodreads.com/book/show/9375.Fried_Green_Tomatoes_at_the_Whistle_Stop_Cafe?ref=nav_sb_ss_1_45,https://en.wikipedia.org/wiki/Fried_Green_Tomatoes_at_the_Whistle_Stop_Cafe,NA_not-pub-domain,,,,,,,,,False,,,,,1987-01-01
471,The Cricket in Times Square,George Selden,1960,English,na,1929,1989,male,eng,US,childrens literature,authors,6040.0,162.0,194.0,454.0,410.0,4.04,"65,074","2,175",193,368,119321458.0,104723444,https://www.goodreads.com/book/show/24384.The_Cricket_in_Times_Square?ref=nav_sb_ss_1_27,https://en.wikipedia.org/wiki/The_Cricket_in_Times_Square,NA_not-pub-domain,,,,,,,,,False,,,,,1960-01-01
472,The Phantom Tollbooth,Norton Juster,1961,English,fantasy,1929,2021,male,eng,US,"childrens literature,architecture","authors,architects",6478.0,595.0,215.0,410.0,388.0,4.2,"285,680","13,243",76,202,395611.0,39601304,https://www.goodreads.com/book/show/378.The_Phantom_Tollbooth?ref=nav_sb_ss_1_21,https://en.wikipedia.org/wiki/The_Phantom_Tollbooth,NA_not-pub-domain,,,,,,,,,False,,,,,1961-01-01
473,Rob Roy,Walter Scott,1817,English,history,1771,1832,male,eng,GB,,"poet,novelist,historian,biographer",6557.0,2604.0,1215.0,400.0,123.0,3.69,"9,885",448,452,486,108009826.0,95207079,https://www.goodreads.com/book/show/543686.Rob_Roy?ref=nav_sb_ss_1_7,https://en.wikipedia.org/wiki/Rob_Roy_(novel),https://www.gutenberg.org/cache/epub/7025/pg7025.txt,,,,,,,1154249.0,195344.0,True,1751.0,402.0,625.0,7025,1817-01-01
474,The Death of Ivan Ilych,Leo Tolstoy,1886,Russian,na,1828,1910,male,rus,RU,"philosophy and religion,literature","authors,writers",5690.0,2896.0,598.0,466.0,217.0,4.13,"161,880","12,127",122,265,4820386119.0,96987389,https://www.goodreads.com/book/show/18386.The_Death_of_Ivan_Ilych?ref=nav_sb_ss_1_23,https://en.wikipedia.org/wiki/The_Death_of_Ivan_Ilyich,unavailable,unavailable,,,,,,,,False,,,,,1886-01-01
475,Alex Cross's Trial,James Patterson,2009,English,thrillers,1947,ALIVE,male,eng,US,"suspense fiction american,advertising","novelists,advertising executives,authors",4385.0,446.0,52.0,489.0,490.0,3.99,"29,081","1,872",245,441,1949223022.0,22272314,https://www.goodreads.com/book/show/6266907-alex-cross-s-trial?ref=nav_sb_ss_1_18,https://en.wikipedia.org/wiki/Alex_Cross%27s_Trial,NA_not-pub-domain,,,,,,,,,False,,,,,2009-01-01
476,Kenilworth,Walter Scott,1821,English,history,1771,1832,male,eng,GB,,"poet,novelist,historian,biographer",18279.0,9165.0,3861.0,41.0,13.0,3.68,998,107,457,498,27789.0,95207079,https://www.goodreads.com/book/show/745289.Kenilworth?ref=nav_sb_ss_1_10,https://en.wikipedia.org/wiki/Kenilworth_(novel),https://www.gutenberg.org/cache/epub/1606/pg1606.txt,,,,,,,1112383.0,189685.0,True,1840.0,794.0,402.0,1606,1821-01-01
477,The Life and Opinions of Tristram Shandy,Laurence Sterne,1759,English,na,1713,1768,male,eng,GB,,,9731.0,6325.0,1540.0,187.0,88.0,3.73,"21,733","1,626",429,461,459705.0,61552699,https://www.goodreads.com/book/show/76527.The_Life_and_Opinions_of_Tristram_Shandy_Gentleman?ref=nav_sb_ss_1_40,"https://en.wikipedia.org/wiki/The_Life_and_Opinions_of_Tristram_Shandy,_Gentleman",https://www.gutenberg.org/cache/epub/1079/pg1079.txt,,,,,,,1077836.0,184069.0,True,1839.0,267.0,443.0,1079,1759-01-01
478,The Remains of the Day,Kazuo Ishiguro,1989,English,history,1954,ALIVE,male,eng,GB,"short stories,novels,motion picture plays,fiction,screenplays","screenwriters,novelists,authors,writers",,,,,,4.14,"300,925","23,933",115,196,,108702574,https://www.goodreads.com/book/show/28921.The_Remains_of_the_Day?ref=nav_sb_ss_1_22,https://en.wikipedia.org/wiki/The_Remains_of_the_Day,NA_not-pub-domain,,,,,,,,,False,,,,,1989-01-01
479,"M.C. Higgins, The Great",Virginia Hamilton,1974,English,bildung,1934,2002,female,eng,US,,"novelists,essayists",6089.0,354.0,98.0,449.0,480.0,3.44,"4,279",319,492,493,787467.0,49256750,https://www.goodreads.com/book/show/69666.M_C_Higgins_the_Great?ref=nav_sb_ss_1_23,"https://en.wikipedia.org/wiki/M._C._Higgins,_the_Great",NA_not-pub-domain,,,,,,,,,False,,,,,1974-01-01
480,Call It Courage,Armstrong Sperry,1940,English,history,1897,1976,male,eng,US,fiction authorship,authors,6290.0,145.0,139.0,429.0,463.0,3.76,"13,766","1,186",419,475,50114835.0,98229889,https://www.goodreads.com/book/show/857528.Call_It_Courage?ref=nav_sb_ss_1_15,https://en.wikipedia.org/wiki/Call_It_Courage,NA_not-pub-domain,,,,,,,,,False,,,,,1940-01-01
481,Go Set a Watchman,Harper Lee,2015,English,na,1926,2016,female,eng,US,"novels,fiction",novelists,7170.0,405.0,145.0,322.0,460.0,3.31,"272,837","32,622",498,209,2283978583.0,12431460,,https://en.wikipedia.org/wiki/Go_Set_a_Watchman,NA_not-pub-domain,,,,,,,,,False,,,,,2015-01-01
482,Bleachers,John Grisham,2003,English,na,1955,ALIVE,male,eng,US,"motion pictures production and direction,motion picture authorship,law,fiction authorship,acting","screenwriters,novelists,motion picture producers and directors,lawyers,authors,actors",5989.0,501.0,202.0,457.0,401.0,3.52,"42,668","2,393",485,405,687280.0,7449742,,https://en.wikipedia.org/wiki/Bleachers_(novel),NA_not-pub-domain,,2003.0,2003-09-28,1.0,730.0,BLEACHERS,,,False,,,,,2003-01-01
482,Bleachers,John Grisham,2003,English,na,1955,ALIVE,male,eng,US,"motion pictures production and direction,motion picture authorship,law,fiction authorship,acting","screenwriters,novelists,motion picture producers and directors,lawyers,authors,actors",5989.0,501.0,202.0,457.0,401.0,3.52,"42,668","2,393",485,405,687280.0,7449742,,https://en.wikipedia.org/wiki/Bleachers_(novel),NA_not-pub-domain,,2003.0,2003-10-05,1.0,730.0,BLEACHERS,,,False,,,,,2003-01-01
482,Bleachers,John Grisham,2003,English,na,1955,ALIVE,male,eng,US,"motion pictures production and direction,motion picture authorship,law,fiction authorship,acting","screenwriters,novelists,motion picture producers and directors,lawyers,authors,actors",5989.0,501.0,202.0,457.0,401.0,3.52,"42,668","2,393",485,405,687280.0,7449742,,https://en.wikipedia.org/wiki/Bleachers_(novel),NA_not-pub-domain,,2003.0,2003-10-12,2.0,730.0,BLEACHERS,,,False,,,,,2003-01-01
482,Bleachers,John Grisham,2003,English,na,1955,ALIVE,male,eng,US,"motion pictures production and direction,motion picture authorship,law,fiction authorship,acting","screenwriters,novelists,motion picture producers and directors,lawyers,authors,actors",5989.0,501.0,202.0,457.0,401.0,3.52,"42,668","2,393",485,405,687280.0,7449742,,https://en.wikipedia.org/wiki/Bleachers_(novel),NA_not-pub-domain,,2003.0,2003-10-19,3.0,730.0,BLEACHERS,,,False,,,,,2003-01-01
482,Bleachers,John Grisham,2003,English,na,1955,ALIVE,male,eng,US,"motion pictures production and direction,motion picture authorship,law,fiction authorship,acting","screenwriters,novelists,motion picture producers and directors,lawyers,authors,actors",5989.0,501.0,202.0,457.0,401.0,3.52,"42,668","2,393",485,405,687280.0,7449742,,https://en.wikipedia.org/wiki/Bleachers_(novel),NA_not-pub-domain,,2003.0,2003-10-26,3.0,730.0,BLEACHERS,,,False,,,,,2003-01-01
482,Bleachers,John Grisham,2003,English,na,1955,ALIVE,male,eng,US,"motion pictures production and direction,motion picture authorship,law,fiction authorship,acting","screenwriters,novelists,motion picture producers and directors,lawyers,authors,actors",5989.0,501.0,202.0,457.0,401.0,3.52,"42,668","2,393",485,405,687280.0,7449742,,https://en.wikipedia.org/wiki/Bleachers_(novel),NA_not-pub-domain,,2003.0,2003-11-02,5.0,730.0,BLEACHERS,,,False,,,,,2003-01-01
482,Bleachers,John Grisham,2003,English,na,1955,ALIVE,male,eng,US,"motion pictures production and direction,motion picture authorship,law,fiction authorship,acting","screenwriters,novelists,motion picture producers and directors,lawyers,authors,actors",5989.0,501.0,202.0,457.0,401.0,3.52,"42,668","2,393",485,405,687280.0,7449742,,https://en.wikipedia.org/wiki/Bleachers_(novel),NA_not-pub-domain,,2003.0,2003-11-09,5.0,730.0,BLEACHERS,,,False,,,,,2003-01-01
482,Bleachers,John Grisham,2003,English,na,1955,ALIVE,male,eng,US,"motion pictures production and direction,motion picture authorship,law,fiction authorship,acting","screenwriters,novelists,motion picture producers and directors,lawyers,authors,actors",5989.0,501.0,202.0,457.0,401.0,3.52,"42,668","2,393",485,405,687280.0,7449742,,https://en.wikipedia.org/wiki/Bleachers_(novel),NA_not-pub-domain,,2003.0,2003-11-16,6.0,730.0,BLEACHERS,,,False,,,,,2003-01-01
482,Bleachers,John Grisham,2003,English,na,1955,ALIVE,male,eng,US,"motion pictures production and direction,motion picture authorship,law,fiction authorship,acting","screenwriters,novelists,motion picture producers and directors,lawyers,authors,actors",5989.0,501.0,202.0,457.0,401.0,3.52,"42,668","2,393",485,405,687280.0,7449742,,https://en.wikipedia.org/wiki/Bleachers_(novel),NA_not-pub-domain,,2003.0,2003-11-23,8.0,730.0,BLEACHERS,,,False,,,,,2003-01-01
482,Bleachers,John Grisham,2003,English,na,1955,ALIVE,male,eng,US,"motion pictures production and direction,motion picture authorship,law,fiction authorship,acting","screenwriters,novelists,motion picture producers and directors,lawyers,authors,actors",5989.0,501.0,202.0,457.0,401.0,3.52,"42,668","2,393",485,405,687280.0,7449742,,https://en.wikipedia.org/wiki/Bleachers_(novel),NA_not-pub-domain,,2003.0,2003-11-30,9.0,730.0,BLEACHERS,,,False,,,,,2003-01-01
482,Bleachers,John Grisham,2003,English,na,1955,ALIVE,male,eng,US,"motion pictures production and direction,motion picture authorship,law,fiction authorship,acting","screenwriters,novelists,motion picture producers and directors,lawyers,authors,actors",5989.0,501.0,202.0,457.0,401.0,3.52,"42,668","2,393",485,405,687280.0,7449742,,https://en.wikipedia.org/wiki/Bleachers_(novel),NA_not-pub-domain,,2003.0,2003-12-07,10.0,730.0,BLEACHERS,,,False,,,,,2003-01-01
482,Bleachers,John Grisham,2003,English,na,1955,ALIVE,male,eng,US,"motion pictures production and direction,motion picture authorship,law,fiction authorship,acting","screenwriters,novelists,motion picture producers and directors,lawyers,authors,actors",5989.0,501.0,202.0,457.0,401.0,3.52,"42,668","2,393",485,405,687280.0,7449742,,https://en.wikipedia.org/wiki/Bleachers_(novel),NA_not-pub-domain,,2003.0,2003-12-14,8.0,730.0,BLEACHERS,,,False,,,,,2003-01-01
482,Bleachers,John Grisham,2003,English,na,1955,ALIVE,male,eng,US,"motion pictures production and direction,motion picture authorship,law,fiction authorship,acting","screenwriters,novelists,motion picture producers and directors,lawyers,authors,actors",5989.0,501.0,202.0,457.0,401.0,3.52,"42,668","2,393",485,405,687280.0,7449742,,https://en.wikipedia.org/wiki/Bleachers_(novel),NA_not-pub-domain,,2003.0,2003-12-21,9.0,730.0,BLEACHERS,,,False,,,,,2003-01-01
482,Bleachers,John Grisham,2003,English,na,1955,ALIVE,male,eng,US,"motion pictures production and direction,motion picture authorship,law,fiction authorship,acting","screenwriters,novelists,motion picture producers and directors,lawyers,authors,actors",5989.0,501.0,202.0,457.0,401.0,3.52,"42,668","2,393",485,405,687280.0,7449742,,https://en.wikipedia.org/wiki/Bleachers_(novel),NA_not-pub-domain,,2003.0,2003-12-28,8.0,730.0,BLEACHERS,,,False,,,,,2003-01-01
482,Bleachers,John Grisham,2003,English,na,1955,ALIVE,male,eng,US,"motion pictures production and direction,motion picture authorship,law,fiction authorship,acting","screenwriters,novelists,motion picture producers and directors,lawyers,authors,actors",5989.0,501.0,202.0,457.0,401.0,3.52,"42,668","2,393",485,405,687280.0,7449742,,https://en.wikipedia.org/wiki/Bleachers_(novel),NA_not-pub-domain,,2004.0,2004-01-04,6.0,730.0,BLEACHERS,,,False,,,,,2003-01-01
482,Bleachers,John Grisham,2003,English,na,1955,ALIVE,male,eng,US,"motion pictures production and direction,motion picture authorship,law,fiction authorship,acting","screenwriters,novelists,motion picture producers and directors,lawyers,authors,actors",5989.0,501.0,202.0,457.0,401.0,3.52,"42,668","2,393",485,405,687280.0,7449742,,https://en.wikipedia.org/wiki/Bleachers_(novel),NA_not-pub-domain,,2004.0,2004-01-11,4.0,730.0,BLEACHERS,,,False,,,,,2003-01-01
482,Bleachers,John Grisham,2003,English,na,1955,ALIVE,male,eng,US,"motion pictures production and direction,motion picture authorship,law,fiction authorship,acting","screenwriters,novelists,motion picture producers and directors,lawyers,authors,actors",5989.0,501.0,202.0,457.0,401.0,3.52,"42,668","2,393",485,405,687280.0,7449742,,https://en.wikipedia.org/wiki/Bleachers_(novel),NA_not-pub-domain,,2004.0,2004-01-18,8.0,730.0,BLEACHERS,,,False,,,,,2003-01-01
482,Bleachers,John Grisham,2003,English,na,1955,ALIVE,male,eng,US,"motion pictures production and direction,motion picture authorship,law,fiction authorship,acting","screenwriters,novelists,motion picture producers and directors,lawyers,authors,actors",5989.0,501.0,202.0,457.0,401.0,3.52,"42,668","2,393",485,405,687280.0,7449742,,https://en.wikipedia.org/wiki/Bleachers_(novel),NA_not-pub-domain,,2004.0,2004-01-25,10.0,730.0,BLEACHERS,,,False,,,,,2003-01-01
483,Elijah of Buxton,Christopher Paul Curtis,2007,English,na,1953,ALIVE,male,eng,US,childrens literature,authors,6514.0,86.0,36.0,406.0,493.0,3.95,"13,780","1,704",281,474,69668787.0,23283378,,https://en.wikipedia.org/wiki/Elijah_of_Buxton,NA_not-pub-domain,,,,,,,,,False,,,,,2007-01-01
484,Swimsuit,James Patterson,2009,English,mystery,1947,ALIVE,male,eng,US,"suspense fiction american,advertising","novelists,advertising executives,authors",4534.0,487.0,94.0,485.0,482.0,3.67,"26,200","2,015",459,447,189980734.0,22272314,,unavailable,NA_not-pub-domain,,,,,,,,,False,,,,,2009-01-01
485,Cat's Cradle,Kurt Vonnegut,1963,English,scifi,1922,2007,male,eng,US,"short stories,science fiction,novels,literature,fiction","novelists,authors",6351.0,624.0,321.0,422.0,321.0,4.16,"401,172","15,247",98,164,401684.0,71398958,,https://en.wikipedia.org/wiki/Cat%27s_Cradle,NA_not-pub-domain,,,,,,,,,False,,,,,1963-01-01
486,The Caine Mutiny,Herman Wouk,1951,English,na,1915,2019,male,eng,US,,authors,6257.0,122.0,316.0,436.0,327.0,4.28,"25,131","1,294",42,451,147472.0,17231124,,https://en.wikipedia.org/wiki/The_Caine_Mutiny,NA_not-pub-domain,,,,,,,,,False,,,,,1951-01-01
487,The Heart of the Matter,Graham Greene,1948,English,na,1904,1991,male,eng,GB,"short stories,novels,fiction,drama,spy fiction","novelists,dramatists,authors,spy,novelist,playwrights,playwright,intelligence agent",5870.0,164.0,476.0,461.0,251.0,3.97,"29,061","1,720",262,442,48610735.0,59083415,,https://en.wikipedia.org/wiki/The_Heart_of_the_Matter,NA_not-pub-domain,,,,,,,,,False,,,,,1948-01-01
488,"Harriet, the Spy",Louise Fitzhugh,1964,English,mystery,1928,1974,female,eng,US,,,6327.0,484.0,173.0,425.0,436.0,3.95,"99,335","2,951",282,318,899532.0,24722037,,https://en.wikipedia.org/wiki/Harriet_the_Spy,NA_not-pub-domain,,,,,,,,,False,,,,,1964-01-01
489,Darkness at Noon,Arthur Koestler,1940,English,history,1905,1983,male,eng,GB,,authors,6215.0,232.0,591.0,438.0,218.0,4.11,"30,455","2,109",136,434,4820875958.0,59084510,,https://en.wikipedia.org/wiki/Darkness_at_Noon,NA_not-pub-domain,,,,,,,,,False,,,,,1940-01-01
490,A Prayer for Owen Meany,John Irving,1989,English,na,1942,ALIVE,male,eng,US,,"screenwriters,novelists",6436.0,432.0,231.0,412.0,378.0,4.24,"320,040","16,305",57,188,142937474.0,108238891,,https://en.wikipedia.org/wiki/A_Prayer_for_Owen_Meany,NA_not-pub-domain,,,,,,,,,False,,,,,1989-01-01
491,The God of Small Things,Arundhati Roy,1997,English,na,1961,ALIVE,female,eng,IN,,,6028.0,352.0,276.0,455.0,348.0,3.95,"296,531","19,027",283,197,577243.0,76457869,,https://en.wikipedia.org/wiki/The_God_of_Small_Things,NA_not-pub-domain,,,,,,,,,False,,,,,1997-01-01
492,The Associate,John Grisham,2009,English,thrillers,1955,ALIVE,male,eng,US,"motion pictures production and direction,motion picture authorship,law,fiction authorship,acting","screenwriters,novelists,motion picture producers and directors,lawyers,authors,actors",6139.0,545.0,198.0,445.0,405.0,3.7,"70,002","4,490",443,362,156556253.0,7449742,,https://en.wikipedia.org/wiki/The_Associate_(novel),NA_not-pub-domain,,,,,,,,,False,,,,,2009-01-01
493,The Shack,William P. Young,2007,English,na,1955,ALIVE,male,eng,CA,"novels,fiction authorship","novelists,authors",6421.0,427.0,179.0,415.0,426.0,3.82,"648,375","35,650",386,124,112816718.0,78234437,,https://en.wikipedia.org/wiki/The_Shack_(Young_novel),NA_not-pub-domain,,,,,,,,,False,,,,,2007-01-01
494,The Naked and the Dead,Norman Mailer,1948,English,history,1923,2007,male,eng,US,"literature,creative nonfiction,world war 1939 1945","soldiers,novelists,authors",6083.0,119.0,465.0,450.0,254.0,3.95,"25,380",997,284,449,2999473980.0,7393743,,https://en.wikipedia.org/wiki/The_Naked_and_the_Dead,NA_not-pub-domain,,,,,,,,,False,,,,,1948-01-01
495,The Sea of Monsters,Rick Riordan,2006,English,fantasy,1964,ALIVE,male,eng,US,"teaching,authorship","teachers,authors",6507.0,517.0,173.0,407.0,435.0,4.25,"1,159,205","48,139",51,76,3768760670.0,60214017,,https://en.wikipedia.org/wiki/The_Sea_of_Monsters,NA_not-pub-domain,,,,,,,,,False,,,,,2006-01-01
496,Stranger in a Strange Land,Robert A. Heinlein,1961,English,scifi,1907,1988,male,eng,US,science fiction,authors american,6352.0,268.0,273.0,421.0,350.0,3.92,"311,859","9,961",310,190,789412.0,12309757,,https://en.wikipedia.org/wiki/Stranger_in_a_Strange_Land,NA_not-pub-domain,,,,,,,,,False,,,,,1961-01-01
497,Vision in White,Nora Roberts,2009,English,romance,1965,ALIVE,female,eng,US,"novels,fiction",novelists,4499.0,458.0,111.0,487.0,474.0,4.12,"138,445","4,652",128,277,155963777.0,66448023,,https://en.wikipedia.org/wiki/Vision_in_White,NA_not-pub-domain,,,,,,,,,False,,,,,2009-01-01
498,The Whipping Boy,Sid Fleischman,1986,English,action,1920,2010,male,eng,US,,,6113.0,184.0,106.0,447.0,476.0,3.59,"27,444","1,623",476,445,441551992.0,66438084,,https://en.wikipedia.org/wiki/The_Whipping_Boy,NA_not-pub-domain,,,,,,,,,False,,,,,1986-01-01
499,Room,Emma Donoghue,2010,English,na,1969,ALIVE,female,eng,IE,"fiction,drama,motion picture authorship,editing","novelists,authors,screenwriters,editors,dramatists",5963.0,380.0,215.0,458.0,389.0,4.07,"801,989","50,594",171,101,485978025.0,39539889,,https://en.wikipedia.org/wiki/Room_(novel),NA_not-pub-domain,,2010.0,2010-10-03,10.0,3859.0,ROOM,,,False,,,,,2010-01-01
499,Room,Emma Donoghue,2010,English,na,1969,ALIVE,female,eng,IE,"fiction,drama,motion picture authorship,editing","novelists,authors,screenwriters,editors,dramatists",5963.0,380.0,215.0,458.0,389.0,4.07,"801,989","50,594",171,101,485978025.0,39539889,,https://en.wikipedia.org/wiki/Room_(novel),NA_not-pub-domain,,2010.0,2010-10-10,9.0,3859.0,ROOM,,,False,,,,,2010-01-01
499,Room,Emma Donoghue,2010,English,na,1969,ALIVE,female,eng,IE,"fiction,drama,motion picture authorship,editing","novelists,authors,screenwriters,editors,dramatists",5963.0,380.0,215.0,458.0,389.0,4.07,"801,989","50,594",171,101,485978025.0,39539889,,https://en.wikipedia.org/wiki/Room_(novel),NA_not-pub-domain,,2010.0,2010-10-17,12.0,3859.0,ROOM,,,False,,,,,2010-01-01
499,Room,Emma Donoghue,2010,English,na,1969,ALIVE,female,eng,IE,"fiction,drama,motion picture authorship,editing","novelists,authors,screenwriters,editors,dramatists",5963.0,380.0,215.0,458.0,389.0,4.07,"801,989","50,594",171,101,485978025.0,39539889,,https://en.wikipedia.org/wiki/Room_(novel),NA_not-pub-domain,,2010.0,2010-10-24,15.0,3859.0,ROOM,,,False,,,,,2010-01-01
499,Room,Emma Donoghue,2010,English,na,1969,ALIVE,female,eng,IE,"fiction,drama,motion picture authorship,editing","novelists,authors,screenwriters,editors,dramatists",5963.0,380.0,215.0,458.0,389.0,4.07,"801,989","50,594",171,101,485978025.0,39539889,,https://en.wikipedia.org/wiki/Room_(novel),NA_not-pub-domain,,2010.0,2010-10-31,12.0,3859.0,ROOM,,,False,,,,,2010-01-01
499,Room,Emma Donoghue,2010,English,na,1969,ALIVE,female,eng,IE,"fiction,drama,motion picture authorship,editing","novelists,authors,screenwriters,editors,dramatists",5963.0,380.0,215.0,458.0,389.0,4.07,"801,989","50,594",171,101,485978025.0,39539889,,https://en.wikipedia.org/wiki/Room_(novel),NA_not-pub-domain,,2010.0,2010-11-14,15.0,3859.0,ROOM,,,False,,,,,2010-01-01
499,Room,Emma Donoghue,2010,English,na,1969,ALIVE,female,eng,IE,"fiction,drama,motion picture authorship,editing","novelists,authors,screenwriters,editors,dramatists",5963.0,380.0,215.0,458.0,389.0,4.07,"801,989","50,594",171,101,485978025.0,39539889,,https://en.wikipedia.org/wiki/Room_(novel),NA_not-pub-domain,,2011.0,2011-01-02,15.0,3859.0,ROOM,,,False,,,,,2010-01-01
499,Room,Emma Donoghue,2010,English,na,1969,ALIVE,female,eng,IE,"fiction,drama,motion picture authorship,editing","novelists,authors,screenwriters,editors,dramatists",5963.0,380.0,215.0,458.0,389.0,4.07,"801,989","50,594",171,101,485978025.0,39539889,,https://en.wikipedia.org/wiki/Room_(novel),NA_not-pub-domain,,2011.0,2011-01-09,15.0,3859.0,ROOM,,,False,,,,,2010-01-01
499,Room,Emma Donoghue,2010,English,na,1969,ALIVE,female,eng,IE,"fiction,drama,motion picture authorship,editing","novelists,authors,screenwriters,editors,dramatists",5963.0,380.0,215.0,458.0,389.0,4.07,"801,989","50,594",171,101,485978025.0,39539889,,https://en.wikipedia.org/wiki/Room_(novel),NA_not-pub-domain,,2011.0,2011-01-23,14.0,3859.0,ROOM,,,False,,,,,2010-01-01
499,Room,Emma Donoghue,2010,English,na,1969,ALIVE,female,eng,IE,"fiction,drama,motion picture authorship,editing","novelists,authors,screenwriters,editors,dramatists",5963.0,380.0,215.0,458.0,389.0,4.07,"801,989","50,594",171,101,485978025.0,39539889,,https://en.wikipedia.org/wiki/Room_(novel),NA_not-pub-domain,,2011.0,2011-01-30,11.0,3859.0,ROOM,,,False,,,,,2010-01-01
499,Room,Emma Donoghue,2010,English,na,1969,ALIVE,female,eng,IE,"fiction,drama,motion picture authorship,editing","novelists,authors,screenwriters,editors,dramatists",5963.0,380.0,215.0,458.0,389.0,4.07,"801,989","50,594",171,101,485978025.0,39539889,,https://en.wikipedia.org/wiki/Room_(novel),NA_not-pub-domain,,2011.0,2011-02-06,11.0,3859.0,ROOM,,,False,,,,,2010-01-01
499,Room,Emma Donoghue,2010,English,na,1969,ALIVE,female,eng,IE,"fiction,drama,motion picture authorship,editing","novelists,authors,screenwriters,editors,dramatists",5963.0,380.0,215.0,458.0,389.0,4.07,"801,989","50,594",171,101,485978025.0,39539889,,https://en.wikipedia.org/wiki/Room_(novel),NA_not-pub-domain,,2011.0,2011-02-13,10.0,3859.0,ROOM,,,False,,,,,2010-01-01
499,Room,Emma Donoghue,2010,English,na,1969,ALIVE,female,eng,IE,"fiction,drama,motion picture authorship,editing","novelists,authors,screenwriters,editors,dramatists",5963.0,380.0,215.0,458.0,389.0,4.07,"801,989","50,594",171,101,485978025.0,39539889,,https://en.wikipedia.org/wiki/Room_(novel),NA_not-pub-domain,,2011.0,2011-02-20,10.0,3859.0,ROOM,,,False,,,,,2010-01-01
499,Room,Emma Donoghue,2010,English,na,1969,ALIVE,female,eng,IE,"fiction,drama,motion picture authorship,editing","novelists,authors,screenwriters,editors,dramatists",5963.0,380.0,215.0,458.0,389.0,4.07,"801,989","50,594",171,101,485978025.0,39539889,,https://en.wikipedia.org/wiki/Room_(novel),NA_not-pub-domain,,2011.0,2011-02-27,10.0,3859.0,ROOM,,,False,,,,,2010-01-01
499,Room,Emma Donoghue,2010,English,na,1969,ALIVE,female,eng,IE,"fiction,drama,motion picture authorship,editing","novelists,authors,screenwriters,editors,dramatists",5963.0,380.0,215.0,458.0,389.0,4.07,"801,989","50,594",171,101,485978025.0,39539889,,https://en.wikipedia.org/wiki/Room_(novel),NA_not-pub-domain,,2011.0,2011-03-06,8.0,3859.0,ROOM,,,False,,,,,2010-01-01
499,Room,Emma Donoghue,2010,English,na,1969,ALIVE,female,eng,IE,"fiction,drama,motion picture authorship,editing","novelists,authors,screenwriters,editors,dramatists",5963.0,380.0,215.0,458.0,389.0,4.07,"801,989","50,594",171,101,485978025.0,39539889,,https://en.wikipedia.org/wiki/Room_(novel),NA_not-pub-domain,,2011.0,2011-03-13,13.0,3859.0,ROOM,,,False,,,,,2010-01-01
499,Room,Emma Donoghue,2010,English,na,1969,ALIVE,female,eng,IE,"fiction,drama,motion picture authorship,editing","novelists,authors,screenwriters,editors,dramatists",5963.0,380.0,215.0,458.0,389.0,4.07,"801,989","50,594",171,101,485978025.0,39539889,,https://en.wikipedia.org/wiki/Room_(novel),NA_not-pub-domain,,2011.0,2011-03-20,13.0,3859.0,ROOM,,,False,,,,,2010-01-01
499,Room,Emma Donoghue,2010,English,na,1969,ALIVE,female,eng,IE,"fiction,drama,motion picture authorship,editing","novelists,authors,screenwriters,editors,dramatists",5963.0,380.0,215.0,458.0,389.0,4.07,"801,989","50,594",171,101,485978025.0,39539889,,https://en.wikipedia.org/wiki/Room_(novel),NA_not-pub-domain,,2011.0,2011-04-03,15.0,3859.0,ROOM,,,False,,,,,2010-01-01
500,Deception Point,Dan Brown,2001,English,political,1964,ALIVE,male,eng,US,"suspense fiction,fiction","novelists american,authors american",5382.0,229.0,240.0,474.0,373.0,3.76,"658,866","10,464",420,122,610251.0,102403515,,https://en.wikipedia.org/wiki/Deception_Point,NA_not-pub-domain,,,,,,,,,False,,,,,2001-01-01
